STORE_NUMBER,STORE_NAME,STORE_TYPE_NAME,OPEN_DATE,CITY_NAME,STATE_NAME,TIME_ZONE_NAME,DMA_ID,DMA_NAME,STORE_STATUS,REGION_ID,REGION_NAME,STORE_LIVE_DATE,STORE_FUNCTIONAL_STATUS,AREA_REGION,DISPATCH_GO_LIVE_DATE,DOOR_DASH_GO_LIVE_DATE,DOOR_DASH_MARKUP_GO_LIVE_DATE,STORE_CONCEPT_NAME,UBER_EATS_MARKUP_DATE
2,TX2,Franchise,09-05-1998,IRVING,Texas,Central,623.0,DALLAS-FT. WORTH,Active,1.0,Southwest,09-05-1998,Operational,DALLAS-FT. WORTH,17-04-2019,17-04-2019,27-09-2020,Original,20-07-2022
5,TX5,Franchise,22-08-1998,DALLAS,Texas,Central,623.0,DALLAS-FT. WORTH,Active,1.0,Southwest,22-08-1998,Operational,DALLAS-FT. WORTH,17-04-2019,17-04-2019,27-09-2020,Original,20-07-2022
7,TX7,Franchise,14-11-1998,ARLINGTON,Texas,Central,623.0,DALLAS-FT. WORTH,Inactive,1.0,Southwest,14-11-1998,Transfer,DALLAS-FT. WORTH,,,14-11-1998,,14-11-1998
16,LA16,Franchise,29-04-2000,WEST MONROE,Louisiana,Central,628.0,MONROE-EL DORADO,Active,2.0,Southeast,29-04-2000,Operational,MONROE-EL DORADO,11-12-2019,11-12-2019,27-09-2020,Original,20-07-2022
27,TX27,Franchise,11-06-2001,DALLAS,Texas,Central,623.0,DALLAS-FT. WORTH,Active,1.0,Southwest,11-06-2001,Operational,DALLAS-FT. WORTH,17-04-2019,17-04-2019,27-09-2020,Original,20-07-2022
31,OK31,Franchise,18-07-2001,OKLAHOMA CITY,Oklahoma,Central,650.0,OKLAHOMA CITY,Active,1.0,Southwest,18-07-2001,Operational,OKLAHOMA CITY,13-11-2019,13-11-2019,27-09-2020,Original,18-07-2001
39,IL39,Franchise,28-11-2001,DECATUR,Illinois,Central,648.0,CHAMPAIGN&SPRNGFLD-DECATUR,Active,3.0,North,28-11-2001,Operational,CHAMPAIGN&SPRNGFLD-DECATUR,28-08-2019,28-08-2019,27-09-2020,Original,20-07-2022
51,TX51,Franchise,30-03-2002,WATAUGA,Texas,Central,623.0,DALLAS-FT. WORTH,Active,1.0,Southwest,30-03-2002,Operational,DALLAS-FT. WORTH,17-04-2019,17-04-2019,27-09-2020,Original,20-07-2022
52,TX52,Franchise,06-04-2002,HOUSTON,Texas,Central,618.0,HOUSTON,Active,1.0,Southwest,06-04-2002,Operational,HOUSTON,28-11-2018,28-11-2018,27-09-2020,Original,20-07-2022
61,TX61,Franchise,29-06-2002,CEDAR HILL,Texas,Central,623.0,DALLAS-FT. WORTH,Active,1.0,Southwest,29-06-2002,Operational,DALLAS-FT. WORTH,17-04-2019,17-04-2019,27-09-2020,Original,20-07-2022
62,TX62,Franchise,18-07-2002,ODESSA,Texas,Central,633.0,ODESSA-MIDLAND,Active,1.0,Southwest,18-07-2002,Operational,ODESSA-MIDLAND,13-11-2019,13-11-2019,27-09-2020,Original,20-07-2022
64,OK64,Franchise,25-07-2002,TULSA,Oklahoma,Central,671.0,TULSA,Active,1.0,Southwest,25-07-2002,Operational,TULSA,13-11-2019,13-11-2019,27-09-2020,Original,20-07-2022
72,TX72,Corporate,30-08-2002,LAKE WORTH,Texas,Central,623.0,DALLAS-FT. WORTH,Active,1.0,Southwest,30-08-2002,Operational,DALLAS-FT. WORTH,25-04-2019,25-04-2019,27-09-2020,Original,20-07-2022
78,CO78,Franchise,25-10-2002,COLORADO SPRINGS,Colorado,Mountain,752.0,COLORADO SPRINGS-PUEBLO,Active,4.0,West,25-10-2002,Operational,COLORADO SPRINGS-PUEBLO,12-09-2018,12-09-2018,27-09-2020,Original,20-07-2022
94,CO94,Franchise,29-01-2003,AURORA,Colorado,Mountain,751.0,DENVER,Active,4.0,West,29-01-2003,Operational,DENVER,12-09-2018,12-09-2018,27-09-2020,Original,20-07-2022
101,GA101,Franchise,12-03-2003,AUGUSTA,Georgia,Eastern,520.0,AUGUSTA-AIKEN,Active,2.0,Southeast,12-03-2003,Operational,AUGUSTA-AIKEN,18-09-2019,18-09-2019,27-09-2020,Original,20-07-2022
107,LA107,Franchise,06-06-2003,MONROE,Louisiana,Central,628.0,MONROE-EL DORADO,Active,2.0,Southeast,06-06-2003,Operational,MONROE-EL DORADO,11-12-2019,11-12-2019,27-09-2020,Original,20-07-2022
109,LA109,Franchise,16-06-2003,SHREVEPORT,Louisiana,Central,612.0,SHREVEPORT,Active,2.0,Southeast,16-06-2003,Operational,SHREVEPORT,11-12-2019,11-12-2019,27-09-2020,Original,20-07-2022
123,TX123,Franchise,17-09-2003,WICHITA FALLS,Texas,Central,627.0,WICHITA FALLS & LAWTON,Active,1.0,Southwest,17-09-2003,Operational,WICHITA FALLS & LAWTON,13-11-2019,13-11-2019,27-09-2020,Original,20-07-2022
127,TN127,Franchise,05-10-2003,CORDOVA,Tennessee,Central,640.0,MEMPHIS,Active,2.0,Southeast,05-10-2003,Operational,MEMPHIS,11-12-2019,11-12-2019,27-09-2020,Original,20-07-2022
133,LA133,Franchise,27-10-2003,LAFAYETTE,Louisiana,Central,642.0,"LAFAYETTE, LA",Active,2.0,Southeast,27-10-2003,Operational,"LAFAYETTE, LA",11-12-2019,11-12-2019,27-09-2020,Original,27-10-2003
137,CA137,Franchise,26-11-2003,INGLEWOOD,California,Pacific,803.0,LOS ANGELES,Active,4.0,West,26-11-2003,Operational,LOS ANGELES,14-11-2018,14-11-2018,06-09-2020,Original,20-07-2022
144,AR144,Franchise,27-12-2003,LITTLE ROCK,Arkansas,Central,693.0,LITTLE ROCK-PINE BLUFF,Active,2.0,Southeast,27-12-2003,Operational,LITTLE ROCK-PINE BLUFF,11-12-2019,11-12-2019,27-09-2020,Original,20-07-2022
150,TX150,Franchise,17-01-2004,LAREDO,Texas,Central,749.0,LAREDO,Active,1.0,Southwest,17-01-2004,Operational,LAREDO,13-11-2019,13-11-2019,27-09-2020,Original,17-01-2004
153,TX153,Franchise,31-01-2004,HOUSTON,Texas,Central,618.0,HOUSTON,Active,1.0,Southwest,31-01-2004,Operational,HOUSTON,28-11-2018,03-01-2016,27-09-2020,Original,20-07-2022
155,OH155,Franchise,04-02-2004,MENTOR ON THE LAKE,Ohio,Eastern,510.0,CLEVELAND-AKRON (CANTON),Active,3.0,North,04-02-2004,Operational,CLEVELAND-AKRON (CANTON),28-08-2019,28-08-2019,27-09-2020,Original,20-07-2022
158,TX158,Franchise,17-02-2004,HOUSTON,Texas,Central,618.0,HOUSTON,Active,1.0,Southwest,17-02-2004,Operational,HOUSTON,28-11-2018,28-11-2018,27-09-2020,Original,17-02-2004
167,CO167,Franchise,02-04-2004,DENVER,Colorado,Mountain,751.0,DENVER,Active,4.0,West,02-04-2004,Operational,DENVER,12-09-2018,12-09-2018,27-09-2020,Original,20-07-2022
171,CO171,Franchise,28-04-2004,AURORA,Colorado,Mountain,751.0,DENVER,Active,4.0,West,28-04-2004,Operational,DENVER,12-09-2018,12-09-2018,27-09-2020,Original,20-07-2022
182,MS182,Franchise,25-08-2004,JACKSON,Mississippi,Central,718.0,"JACKSON, MS",Active,2.0,Southeast,25-08-2004,Operational,"JACKSON, MS",16-10-2019,16-10-2019,27-09-2020,Original,20-07-2022
202,TX202,Franchise,31-12-2004,HOUSTON,Texas,Central,618.0,HOUSTON,Active,1.0,Southwest,31-12-2004,Operational,HOUSTON,28-11-2018,28-11-2018,27-09-2020,Original,20-07-2022
205,FL205,Franchise,12-01-2005,LAUDERHILL,Florida,Eastern,528.0,MIAMI-FT. LAUDERDALE,Active,2.0,Southeast,12-01-2005,Operational,MIAMI-FT. LAUDERDALE,20-03-2019,20-03-2019,27-09-2020,Original,20-07-2022
207,TX207,Franchise,20-01-2005,SUGAR LAND,Texas,Central,618.0,HOUSTON,Active,1.0,Southwest,20-01-2005,Operational,HOUSTON,28-11-2018,01-11-2015,27-09-2020,Original,20-07-2022
219,AZ219,Franchise,03-03-2005,TUCSON,Arizona,Mountain (DST not observed),789.0,TUCSON (SIERRA VISTA),Active,1.0,Southwest,03-03-2005,Operational,TUCSON (SIERRA VISTA),27-02-2019,27-02-2019,27-09-2020,Original,20-07-2022
234,TX234,Franchise,27-05-2005,HOUSTON,Texas,Central,618.0,HOUSTON,Active,1.0,Southwest,05-07-2005,Operational,HOUSTON,28-11-2018,28-11-2018,27-09-2020,Original,06-07-2022
237,CA237,Franchise,16-07-2005,RANCHO SANTA MARGARITA,California,Pacific,803.0,LOS ANGELES,Active,4.0,West,16-07-2005,Operational,LOS ANGELES,07-11-2018,02-08-2015,27-09-2020,Original,20-07-2022
238,MD238,Franchise,18-07-2005,ROCKVILLE,Maryland,Eastern,511.0,"WASHINGTON, DC (HAGRSTWN)",Active,2.0,Southeast,18-07-2005,Operational,"WASHINGTON, DC (HAGRSTWN)",08-05-2019,08-05-2019,27-09-2020,Original,20-07-2022
245,TX245,Franchise,08-09-2005,WAXAHACHIE,Texas,Central,623.0,DALLAS-FT. WORTH,Active,1.0,Southwest,08-09-2005,Operational,DALLAS-FT. WORTH,17-04-2019,17-04-2019,27-09-2020,Original,20-07-2022
249,TX249,Franchise,19-09-2005,ALLEN,Texas,Central,623.0,DALLAS-FT. WORTH,Active,1.0,Southwest,19-09-2005,Operational,DALLAS-FT. WORTH,17-04-2019,17-04-2019,27-09-2020,Original,06-07-2022
250,TX250,Franchise,28-09-2005,HOUSTON,Texas,Central,618.0,HOUSTON,Active,1.0,Southwest,28-09-2005,Operational,HOUSTON,28-11-2018,02-08-2015,27-09-2020,Original,20-07-2022
251,TX251,Franchise,04-10-2005,MISSION,Texas,Central,636.0,HARLINGEN-WSLCO-BRNSVL-MCA,Active,1.0,Southwest,04-10-2005,Operational,HARLINGEN-WSLCO-BRNSVL-MCA,18-09-2019,18-09-2019,27-09-2020,Original,04-10-2005
254,TX254,Franchise,25-10-2005,SAN ANTONIO,Texas,Central,641.0,SAN ANTONIO,Active,1.0,Southwest,25-10-2005,Operational,SAN ANTONIO,08-05-2019,08-05-2019,27-09-2020,Original,20-07-2022
257,KY257,Franchise,09-11-2005,PADUCAH,Kentucky,Central,632.0,PADUCAH-CAPE GIRARD-HARSBG,Active,2.0,Southeast,09-11-2005,Operational,PADUCAH-CAPE GIRARD-HARSBG,13-11-2019,13-11-2019,27-09-2020,Original,20-07-2022
261,TX261,Franchise,31-01-2006,WESLACO,Texas,Central,636.0,HARLINGEN-WSLCO-BRNSVL-MCA,Active,1.0,Southwest,31-01-2006,Operational,HARLINGEN-WSLCO-BRNSVL-MCA,18-09-2019,18-09-2019,27-09-2020,Original,20-07-2022
271,AZ271,Franchise,27-10-2006,PHOENIX,Arizona,Mountain (DST not observed),753.0,PHOENIX (PRESCOTT),Active,1.0,Southwest,27-10-2006,Operational,PHOENIX (PRESCOTT),27-02-2019,27-02-2019,27-09-2020,Original,20-07-2022
287,TX287,Franchise,14-07-2006,BROWNSVILLE,Texas,Central,636.0,HARLINGEN-WSLCO-BRNSVL-MCA,Active,1.0,Southwest,14-07-2006,Operational,HARLINGEN-WSLCO-BRNSVL-MCA,18-09-2019,18-09-2019,27-09-2020,Original,20-07-2022
295,CA295,Franchise,26-04-2006,MONROVIA,California,Pacific,803.0,LOS ANGELES,Active,4.0,West,26-04-2006,Operational,LOS ANGELES,14-11-2018,14-11-2018,27-09-2020,Original,20-07-2022
296,CA296,Franchise,24-04-2006,LAWNDALE,California,Pacific,803.0,LOS ANGELES,Active,4.0,West,24-04-2006,Operational,LOS ANGELES,14-11-2018,03-01-2016,27-09-2020,Original,20-07-2022
298,TX298,Corporate,16-04-2006,FORT WORTH,Texas,Central,623.0,DALLAS-FT. WORTH,Active,1.0,Southwest,16-04-2006,Operational,DALLAS-FT. WORTH,25-04-2019,25-04-2019,27-09-2020,Original,20-07-2022
302,CA302,Franchise,07-05-2007,SALINAS,California,Pacific,828.0,MONTEREY-SALINAS,Active,4.0,West,07-05-2007,Operational,MONTEREY-SALINAS,11-12-2019,11-12-2019,27-09-2020,Original,07-05-2007
308,CA308,Franchise,04-07-2006,BAKERSFIELD,California,Pacific,800.0,BAKERSFIELD,Active,4.0,West,04-07-2006,Operational,BAKERSFIELD,13-11-2019,13-11-2019,27-09-2020,Original,20-07-2022
315,CA315,Franchise,09-08-2006,SANTA CLARITA,California,Pacific,803.0,LOS ANGELES,Active,4.0,West,09-08-2006,Operational,LOS ANGELES,14-11-2018,14-11-2018,27-09-2020,Original,09-08-2006
320,AR320,Franchise,06-11-2006,CONWAY,Arkansas,Central,693.0,LITTLE ROCK-PINE BLUFF,Active,2.0,Southeast,06-11-2006,Operational,LITTLE ROCK-PINE BLUFF,11-12-2019,11-12-2019,27-09-2020,Original,20-07-2022
323,TX323,Franchise,10-11-2006,CYPRESS,Texas,Central,618.0,HOUSTON,Active,1.0,Southwest,10-11-2006,Operational,HOUSTON,28-11-2018,28-11-2018,27-09-2020,Original,20-07-2022
340,TX340,Franchise,07-02-2008,ROWLETT,Texas,Central,623.0,DALLAS-FT. WORTH,Active,1.0,Southwest,07-02-2008,Operational,DALLAS-FT. WORTH,17-04-2019,17-04-2019,27-09-2020,Original,20-07-2022
345,TX345,Franchise,01-05-2007,MCKINNEY,Texas,Central,623.0,DALLAS-FT. WORTH,Active,1.0,Southwest,01-05-2007,Operational,DALLAS-FT. WORTH,17-04-2019,17-04-2019,27-09-2020,Original,20-07-2022
353,TX353,Franchise,05-09-2007,HUNTSVILLE,Texas,Central,618.0,HOUSTON,Active,1.0,Southwest,05-09-2007,Operational,HOUSTON,15-04-2020,16-04-2020,27-09-2020,Original,20-07-2022
361,TX361,Franchise,26-09-2007,KINGSVILLE,Texas,Central,600.0,CORPUS CHRISTI,Active,1.0,Southwest,26-09-2007,Operational,CORPUS CHRISTI,11-03-2020,11-03-2020,27-09-2020,Original,26-09-2007
363,CA363,Franchise,10-10-2007,SACRAMENTO,California,Pacific,862.0,SACRAMNTO-STKTON-MODESTO,Active,4.0,West,10-10-2007,Operational,SACRAMNTO-STKTON-MODESTO,13-03-2019,13-03-2019,27-09-2020,Original,20-07-2022
372,TX372,Franchise,07-11-2007,MISSION,Texas,Central,636.0,HARLINGEN-WSLCO-BRNSVL-MCA,Active,1.0,Southwest,07-11-2007,Operational,HARLINGEN-WSLCO-BRNSVL-MCA,16-10-2019,16-10-2019,27-09-2020,Original,20-07-2022
373,AZ373,Franchise,19-05-2008,TUCSON,Arizona,Mountain (DST not observed),789.0,TUCSON (SIERRA VISTA),Active,1.0,Southwest,19-05-2008,Operational,TUCSON (SIERRA VISTA),27-02-2019,27-02-2019,27-09-2020,Original,20-07-2022
376,IL376,Franchise,05-03-2008,EVANSTON,Illinois,Central,602.0,CHICAGO,Active,3.0,North,05-03-2008,Operational,CHICAGO,13-02-2018,13-02-2018,27-09-2020,Original,28-04-2021
380,TX380,Franchise,19-12-2007,SAN ANTONIO,Texas,Central,641.0,SAN ANTONIO,Active,1.0,Southwest,19-12-2007,Operational,SAN ANTONIO,08-05-2019,08-05-2019,27-09-2020,Original,20-07-2022
386,CA386,Franchise,23-03-2008,GLENDORA,California,Pacific,803.0,LOS ANGELES,Active,4.0,West,23-03-2008,Operational,LOS ANGELES,14-11-2018,14-11-2018,27-09-2020,Original,20-07-2022
387,CA387,Franchise,21-08-2008,RIVERSIDE,California,Pacific,803.0,LOS ANGELES,Active,4.0,West,21-08-2008,Operational,LOS ANGELES,31-10-2018,31-10-2018,27-09-2020,Original,21-08-2008
389,FL389,Franchise,17-12-2008,MIAMI,Florida,Eastern,528.0,MIAMI-FT. LAUDERDALE,Active,2.0,Southeast,17-12-2008,Operational,MIAMI-FT. LAUDERDALE,28-03-2019,28-03-2019,27-09-2020,Original,20-07-2022
391,TX391,Franchise,08-05-2008,DALLAS,Texas,Central,623.0,DALLAS-FT. WORTH,Active,1.0,Southwest,08-05-2008,Operational,DALLAS-FT. WORTH,17-04-2019,17-04-2019,27-09-2020,Original,06-07-2022
392,CA392,Franchise,08-02-2006,LONG BEACH,California,Pacific,803.0,LOS ANGELES,Active,4.0,West,08-02-2006,Operational,LOS ANGELES,07-11-2018,07-11-2018,27-09-2020,Original,20-07-2022
407,TX407,Franchise,27-12-2008,ALAMO,Texas,Central,636.0,HARLINGEN-WSLCO-BRNSVL-MCA,Active,1.0,Southwest,27-12-2008,Operational,HARLINGEN-WSLCO-BRNSVL-MCA,16-10-2019,16-10-2019,27-09-2020,Original,20-07-2022
411,TX411,Franchise,15-07-2008,CEDAR PARK,Texas,Central,635.0,AUSTIN,Active,1.0,Southwest,15-07-2008,Operational,AUSTIN,27-11-2017,27-11-2017,27-09-2020,Original,06-07-2022
424,CA424,Franchise,30-07-2008,SAN CARLOS,California,Pacific,807.0,SAN FRANCISCO-OAK-SAN JOSE,Active,4.0,West,30-07-2008,Operational,SAN FRANCISCO-OAK-SAN JOSE,13-03-2019,13-03-2019,27-09-2020,Original,30-07-2008
431,CA431,Franchise,15-10-2008,SAN JOSE,California,Pacific,807.0,SAN FRANCISCO-OAK-SAN JOSE,Active,4.0,West,15-10-2008,Operational,SAN FRANCISCO-OAK-SAN JOSE,13-03-2019,30-08-2018,23-08-2020,Original,20-07-2022
435,CA435,Franchise,03-10-2008,SANTA CLARITA,California,Pacific,803.0,LOS ANGELES,Active,4.0,West,03-10-2008,Operational,LOS ANGELES,14-11-2018,14-11-2018,27-09-2020,Original,03-10-2008
441,TX441,Franchise,10-09-2008,SEGUIN,Texas,Central,641.0,SAN ANTONIO,Active,1.0,Southwest,10-09-2008,Operational,SAN ANTONIO,08-05-2019,08-05-2019,27-09-2020,Original,20-07-2022
442,TX442,Franchise,24-09-2008,PORT ISABEL,Texas,Central,636.0,HARLINGEN-WSLCO-BRNSVL-MCA,Active,1.0,Southwest,24-09-2008,Operational,HARLINGEN-WSLCO-BRNSVL-MCA,21-10-2022,15-10-2022,27-09-2020,Original,20-07-2022
443,CA443,Franchise,05-12-2008,LOS ANGELES,California,Pacific,803.0,LOS ANGELES,Active,4.0,West,05-12-2008,Operational,LOS ANGELES,07-11-2018,07-11-2018,27-09-2020,Original,20-07-2022
453,MS453,Franchise,27-12-2008,JACKSON,Mississippi,Central,718.0,"JACKSON, MS",Active,2.0,Southeast,27-12-2008,Operational,"JACKSON, MS",16-10-2019,16-10-2019,27-09-2020,Original,20-07-2022
458,CA458,Franchise,27-05-2009,VAN NUYS,California,Pacific,803.0,LOS ANGELES,Active,4.0,West,27-05-2009,Operational,LOS ANGELES,14-11-2018,07-06-2015,27-09-2020,Original,27-05-2009
465,CA465,Franchise,22-04-2009,LA PUENTE,California,Pacific,803.0,LOS ANGELES,Active,4.0,West,22-04-2009,Operational,LOS ANGELES,14-11-2018,14-11-2018,27-09-2020,Original,20-07-2022
469,SC469,Franchise,01-04-2009,SPARTANBURG,South Carolina,Eastern,567.0,GREENVLL-SPART-ASHEVLL-AND,Active,2.0,Southeast,01-04-2009,Operational,GREENVLL-SPART-ASHEVLL-AND,18-09-2019,18-09-2019,27-09-2020,Original,01-04-2009
484,TX484,Franchise,29-07-2009,LEAGUE CITY,Texas,Central,618.0,HOUSTON,Active,1.0,Southwest,29-07-2009,Operational,HOUSTON,28-11-2018,28-11-2018,27-09-2020,Original,20-07-2022
488,NM488,Franchise,14-08-2009,ALBUQUERQUE,New Mexico,Mountain,790.0,ALBUQUERQUE-SANTA FE,Active,1.0,Southwest,14-08-2009,Operational,ALBUQUERQUE-SANTA FE,28-08-2019,28-08-2019,27-09-2020,Original,20-07-2022
494,CA494,Franchise,18-08-2010,LOS ANGELES,California,Pacific,803.0,LOS ANGELES,Active,4.0,West,18-08-2010,Operational,LOS ANGELES,07-11-2018,07-11-2018,27-09-2020,Original,20-07-2022
500,FL500,Franchise,30-06-2010,HIALEAH,Florida,Eastern,528.0,MIAMI-FT. LAUDERDALE,Active,2.0,Southeast,30-06-2010,Operational,MIAMI-FT. LAUDERDALE,20-03-2019,20-03-2019,27-09-2020,Original,20-07-2022
509,TX509,Franchise,27-10-2009,BAYTOWN,Texas,Central,618.0,HOUSTON,Active,1.0,Southwest,27-10-2009,Operational,HOUSTON,28-11-2018,28-11-2018,27-09-2020,Original,06-07-2022
511,CA511,Franchise,14-05-2010,GARDENA,California,Pacific,803.0,LOS ANGELES,Active,4.0,West,14-05-2010,Operational,LOS ANGELES,07-11-2018,03-01-2016,27-09-2020,Original,20-07-2022
514,MS514,Franchise,26-03-2010,CLINTON,Mississippi,Central,718.0,"JACKSON, MS",Active,2.0,Southeast,26-03-2010,Operational,"JACKSON, MS",16-10-2019,16-10-2019,27-09-2020,Original,20-07-2022
516,CA516,Franchise,04-08-2010,FRESNO,California,Pacific,866.0,FRESNO-VISALIA,Active,4.0,West,04-08-2010,Operational,FRESNO-VISALIA,11-12-2019,11-12-2019,27-09-2020,Original,20-07-2022
526,CA526,Franchise,08-04-2010,SAN JOSE,California,Pacific,807.0,SAN FRANCISCO-OAK-SAN JOSE,Active,4.0,West,08-04-2010,Operational,SAN FRANCISCO-OAK-SAN JOSE,13-03-2019,07-06-2015,27-09-2020,Original,08-04-2010
534,TX534,Corporate,27-05-2010,DESOTO,Texas,Central,623.0,DALLAS-FT. WORTH,Active,1.0,Southwest,27-05-2010,Operational,DALLAS-FT. WORTH,17-04-2019,17-04-2019,27-09-2020,Original,20-07-2022
537,IL537,Franchise,10-11-2010,CHICAGO,Illinois,Central,602.0,CHICAGO,Active,3.0,North,10-11-2010,Operational,CHICAGO,30-10-2017,05-07-2015,27-09-2020,Original,28-04-2021
538,TX538,Franchise,02-09-2010,DENTON,Texas,Central,623.0,DALLAS-FT. WORTH,Active,1.0,Southwest,02-09-2010,Operational,DALLAS-FT. WORTH,17-04-2019,17-04-2019,27-09-2020,Original,20-07-2022
545,CA545,Franchise,18-09-2010,SAN JOSE,California,Pacific,807.0,SAN FRANCISCO-OAK-SAN JOSE,Active,4.0,West,18-09-2010,Operational,SAN FRANCISCO-OAK-SAN JOSE,13-03-2019,31-01-2016,27-09-2020,Original,20-07-2022
551,IL551,Franchise,17-12-2010,CHICAGO,Illinois,Central,602.0,CHICAGO,Active,3.0,North,17-12-2010,Operational,CHICAGO,30-10-2017,30-10-2017,27-09-2020,Original,04-05-2021
552,IL552,Franchise,04-11-2010,SOUTH HOLLAND,Illinois,Central,602.0,CHICAGO,Active,3.0,North,04-11-2010,Operational,CHICAGO,24-09-2018,26-09-2018,27-09-2020,Original,19-05-2021
573,CA573,Franchise,12-07-2011,IRVINE,California,Pacific,803.0,LOS ANGELES,Active,4.0,West,12-07-2011,Operational,LOS ANGELES,07-11-2018,07-11-2018,27-09-2020,Original,20-07-2022
576,TX576,Franchise,26-07-2011,NEW BRAUNFELS,Texas,Central,641.0,SAN ANTONIO,Active,1.0,Southwest,26-07-2011,Operational,SAN ANTONIO,08-05-2019,08-05-2019,27-09-2020,Original,26-07-2011
577,TX577,Franchise,12-12-2011,BROWNSVILLE,Texas,Central,636.0,HARLINGEN-WSLCO-BRNSVL-MCA,Active,1.0,Southwest,12-12-2011,Operational,HARLINGEN-WSLCO-BRNSVL-MCA,18-09-2019,18-09-2019,27-09-2020,Original,20-07-2022
578,CO578,Franchise,18-11-2011,BROOMFIELD,Colorado,Mountain,751.0,DENVER,Active,4.0,West,18-11-2011,Operational,DENVER,12-09-2018,12-09-2018,27-09-2020,Original,20-07-2022
580,TN580,Franchise,05-10-2011,MEMPHIS,Tennessee,Central,640.0,MEMPHIS,Active,2.0,Southeast,05-10-2011,Operational,MEMPHIS,11-12-2019,11-12-2019,27-09-2020,Original,20-07-2022
584,CA584,Franchise,16-11-2011,LOS ANGELES,California,Pacific,803.0,LOS ANGELES,Active,4.0,West,16-11-2011,Operational,LOS ANGELES,07-11-2018,07-11-2018,27-09-2020,Original,20-07-2022
587,IL587,Franchise,12-01-2012,CHICAGO,Illinois,Central,602.0,CHICAGO,Active,3.0,North,12-01-2012,Operational,CHICAGO,31-10-2017,31-10-2017,27-09-2020,Original,04-05-2021
589,WI589,Franchise,28-12-2011,WEST MILWAUKEE,Wisconsin,Central,617.0,MILWAUKEE,Active,3.0,North,28-12-2011,Operational,MILWAUKEE,28-08-2019,28-08-2019,27-09-2020,Original,06-07-2022
598,CA598,Franchise,07-05-2012,CITRUS HEIGHTS,California,Pacific,862.0,SACRAMNTO-STKTON-MODESTO,Active,4.0,West,07-05-2012,Operational,SACRAMNTO-STKTON-MODESTO,13-03-2019,13-03-2019,27-09-2020,Original,20-07-2022
600,CA600,Franchise,25-06-2012,MARTINEZ,California,Pacific,807.0,SAN FRANCISCO-OAK-SAN JOSE,Inactive,4.0,West,25-06-2012,Closed,SAN FRANCISCO-OAK-SAN JOSE,,,25-06-2012,,25-06-2012
601,CA601,Franchise,14-12-2011,CHINO HILLS,California,Pacific,803.0,LOS ANGELES,Active,4.0,West,14-12-2011,Operational,LOS ANGELES,14-11-2018,01-11-2015,27-09-2020,Original,20-07-2022
605,CA605,Franchise,16-10-2012,NORTHRIDGE,California,Pacific,803.0,LOS ANGELES,Active,4.0,West,16-10-2012,Operational,LOS ANGELES,14-11-2018,14-11-2018,27-09-2020,Original,20-07-2022
610,CA610,Franchise,25-08-2012,CONCORD,California,Pacific,807.0,SAN FRANCISCO-OAK-SAN JOSE,Inactive,4.0,West,25-08-2012,Closed,SAN FRANCISCO-OAK-SAN JOSE,,,25-08-2012,,25-08-2012
611,MO611,Franchise,16-10-2012,NORMANDY,Missouri,Central,609.0,ST. LOUIS,Active,3.0,North,16-10-2012,Operational,ST. LOUIS,28-08-2019,28-08-2019,27-09-2020,Original,06-07-2022
622,CA622,Franchise,05-07-2012,EASTVALE,California,Pacific,803.0,LOS ANGELES,Active,4.0,West,05-07-2012,Operational,LOS ANGELES,31-10-2018,31-10-2018,27-09-2020,Original,20-07-2022
625,CA625,Franchise,21-10-2012,ORANGE,California,Pacific,803.0,LOS ANGELES,Active,4.0,West,21-10-2012,Operational,LOS ANGELES,07-11-2018,02-08-2015,27-09-2020,Original,20-07-2022
632,CA632,Franchise,29-11-2012,SAN CLEMENTE,California,Pacific,803.0,LOS ANGELES,Active,4.0,West,29-11-2012,Operational,LOS ANGELES,07-11-2018,06-09-2015,27-09-2020,Original,20-07-2022
633,TX633,Franchise,10-10-2012,DALLAS,Texas,Central,623.0,DALLAS-FT. WORTH,Active,1.0,Southwest,10-10-2012,Operational,DALLAS-FT. WORTH,17-04-2019,17-04-2019,27-09-2020,Original,20-07-2022
637,AZ637,Franchise,18-12-2012,PHOENIX,Arizona,Mountain (DST not observed),753.0,PHOENIX (PRESCOTT),Active,1.0,Southwest,18-12-2012,Operational,PHOENIX (PRESCOTT),27-02-2019,27-02-2019,27-09-2020,Original,20-07-2022
656,IL656,Franchise,13-06-2013,CHICAGO,Illinois,Central,602.0,CHICAGO,Active,3.0,North,13-06-2013,Operational,CHICAGO,01-11-2017,07-06-2015,27-09-2020,Original,21-04-2021
671,OH671,Franchise,22-02-2013,COLUMBUS,Ohio,Eastern,535.0,"COLUMBUS, OH",Active,3.0,North,22-02-2013,Operational,"COLUMBUS, OH",26-06-2019,26-06-2019,27-09-2020,Original,20-07-2022
672,CA672,Franchise,06-12-2013,LOS ANGELES,California,Pacific,803.0,LOS ANGELES,Active,4.0,West,06-12-2013,Operational,LOS ANGELES,07-11-2018,07-11-2018,27-09-2020,Original,20-07-2022
676,MD676,Franchise,10-07-2013,GLEN BURNIE,Maryland,Eastern,512.0,BALTIMORE,Active,2.0,Southeast,10-07-2013,Operational,Baltimore,28-08-2019,28-08-2019,27-09-2020,Original,20-07-2022
679,CA679,Franchise,10-07-2013,ROSEMEAD,California,Pacific,803.0,LOS ANGELES,Active,4.0,West,10-07-2013,Operational,LOS ANGELES,14-11-2018,14-11-2018,27-09-2020,Original,20-07-2022
684,TX684,Franchise,07-06-2013,EL PASO,Texas,Mountain,765.0,EL PASO (LAS CRUCES),Active,1.0,Southwest,07-06-2013,Operational,EL PASO (LAS CRUCES),13-11-2019,13-11-2019,27-09-2020,Original,20-07-2022
686,OH686,Franchise,17-07-2013,COLUMBUS,Ohio,Eastern,535.0,"COLUMBUS, OH",Active,3.0,North,17-07-2013,Operational,"COLUMBUS, OH",26-06-2019,26-06-2019,27-09-2020,Original,20-07-2022
687,FL687,Franchise,20-09-2013,NORTH MIAMI BEACH,Florida,Eastern,528.0,MIAMI-FT. LAUDERDALE,Active,2.0,Southeast,20-09-2013,Operational,MIAMI-FT. LAUDERDALE,20-03-2019,20-03-2019,27-09-2020,Original,20-07-2022
692,TX692,Franchise,08-01-2014,SAN ANTONIO,Texas,Central,641.0,SAN ANTONIO,Active,1.0,Southwest,08-01-2014,Operational,SAN ANTONIO,08-05-2019,08-05-2019,27-09-2020,Original,20-07-2022
700,OH700,Franchise,05-10-2013,COLUMBUS,Ohio,Eastern,535.0,"COLUMBUS, OH",Active,3.0,North,05-10-2013,Operational,"COLUMBUS, OH",26-06-2019,26-06-2019,27-09-2020,Original,20-07-2022
708,MO708,Franchise,23-10-2013,INDEPENDENCE,Missouri,Central,616.0,KANSAS CITY,Active,1.0,Southwest,23-10-2013,Operational,KANSAS CITY,06-03-2019,06-03-2019,27-09-2020,Original,20-07-2022
712,NC712,Franchise,20-11-2013,CHARLOTTE,North Carolina,Eastern,517.0,CHARLOTTE,Active,2.0,Southeast,20-11-2013,Operational,CHARLOTTE,28-08-2019,28-08-2019,27-09-2020,Original,06-07-2022
713,CA713,Franchise,16-10-2013,MADERA,California,Pacific,866.0,FRESNO-VISALIA,Active,4.0,West,16-10-2013,Operational,FRESNO-VISALIA,13-11-2019,13-11-2019,27-09-2020,Original,20-07-2022
725,CA725,Franchise,18-12-2013,HESPERIA,California,Pacific,803.0,LOS ANGELES,Active,4.0,West,18-12-2013,Operational,LOS ANGELES,14-11-2018,14-11-2018,27-09-2020,Original,18-12-2013
727,TX727,Franchise,29-03-2014,ARLINGTON,Texas,Central,623.0,DALLAS-FT. WORTH,Active,1.0,Southwest,29-03-2014,Operational,DALLAS-FT. WORTH,17-04-2019,17-04-2019,27-09-2020,Original,20-07-2022
734,OH734,Franchise,17-04-2014,SOUTH EUCLID,Ohio,Eastern,510.0,CLEVELAND-AKRON (CANTON),Active,3.0,North,17-04-2014,Operational,CLEVELAND-AKRON (CANTON),26-06-2019,26-06-2019,27-09-2020,Original,20-07-2022
737,MD737,Franchise,17-06-2014,SILVER SPRING,Maryland,Eastern,511.0,"WASHINGTON, DC (HAGRSTWN)",Active,2.0,Southeast,17-06-2014,Operational,"WASHINGTON, DC (HAGRSTWN)",08-05-2019,08-05-2019,27-09-2020,Original,20-07-2022
743,CA743,Franchise,23-07-2014,SACRAMENTO,California,Pacific,862.0,SACRAMNTO-STKTON-MODESTO,Active,4.0,West,23-07-2014,Operational,SACRAMNTO-STKTON-MODESTO,13-03-2019,13-03-2019,27-09-2020,Original,20-07-2022
748,WA748,Franchise,17-09-2014,RENTON,Washington,Pacific,819.0,SEATTLE-TACOMA,Active,4.0,West,17-09-2014,Operational,SEATTLE-TACOMA,18-09-2019,18-09-2019,27-09-2020,Original,17-09-2014
751,IL751,Franchise,03-09-2014,EDWARDSVILLE,Illinois,Central,609.0,ST. LOUIS,Active,3.0,North,03-09-2014,Operational,ST. LOUIS,28-08-2019,28-08-2019,27-09-2020,Original,06-07-2022
754,HI754,Franchise,04-09-2014,MILILANI,Hawaii,HST|Pacific/Honolulu|UTC-10,744.0,HONOLULU,Active,4.0,West,04-09-2014,Operational,HONOLULU,13-11-2019,13-11-2019,27-09-2020,Original,20-07-2022
759,AZ759,Franchise,23-06-2014,MESA,Arizona,Mountain (DST not observed),753.0,PHOENIX (PRESCOTT),Active,1.0,Southwest,23-06-2014,Operational,PHOENIX (PRESCOTT),27-02-2019,27-02-2019,27-09-2020,Original,20-07-2022
766,NY766,Franchise,25-06-2014,BROOKLYN,New York,Eastern,501.0,NEW YORK,Active,3.0,North,25-06-2014,Operational,NEW YORK,28-08-2019,07-08-2019,27-09-2020,Original,19-05-2021
769,MN769,Franchise,07-06-2014,ROSEVILLE,Minnesota,Central,613.0,MINNEAPOLIS-ST. PAUL,Active,3.0,North,07-06-2014,Operational,MINNEAPOLIS-ST. PAUL,16-10-2019,16-10-2019,27-09-2020,Original,20-07-2022
770,NJ770,Franchise,23-07-2014,ELIZABETH,New Jersey,Eastern,501.0,NEW YORK,Active,3.0,North,23-07-2014,Operational,NEW YORK,28-08-2019,10-11-2017,27-09-2020,Original,28-04-2021
771,KY771,Franchise,11-06-2014,LOUISVILLE,Kentucky,Eastern,529.0,LOUISVILLE,Active,2.0,Southeast,11-06-2014,Operational,LOUISVILLE,28-08-2019,28-08-2019,27-09-2020,Original,20-07-2022
775,CA775,Franchise,26-09-2014,SOUTH EL MONTE,California,Pacific,803.0,LOS ANGELES,Active,4.0,West,26-09-2014,Operational,LOS ANGELES,14-11-2018,14-11-2018,27-09-2020,Original,20-07-2022
777,MS777,Franchise,17-07-2014,STARKVILLE,Mississippi,Central,673.0,COLUMBUS-TUPELO-W PNT-HSTN,Active,2.0,Southeast,17-07-2014,Operational,COLUMBUS-TUPELO-W PNT-HSTN,11-12-2019,11-12-2019,27-09-2020,Original,20-07-2022
781,IL781,Franchise,23-05-2014,CHICAGO,Illinois,Central,602.0,CHICAGO,Active,3.0,North,23-05-2014,Operational,CHICAGO,01-11-2017,01-11-2017,27-09-2020,Original,19-05-2021
785,IN785,Franchise,29-10-2014,INDIANAPOLIS,Indiana,Eastern,527.0,INDIANAPOLIS,Inactive,3.0,North,29-10-2014,Closed,INDIANAPOLIS,,,29-10-2014,,29-10-2014
788,IL788,Franchise,23-07-2014,CHICAGO,Illinois,Central,602.0,CHICAGO,Active,3.0,North,23-07-2014,Operational,CHICAGO,02-11-2017,02-11-2017,27-09-2020,Original,19-05-2021
805,TN805,Franchise,13-11-2014,NASHVILLE,Tennessee,Central,659.0,NASHVILLE,Active,2.0,Southeast,13-11-2014,Operational,NASHVILLE,02-12-2019,02-12-2019,27-09-2020,Original,20-07-2022
806,CA806,Franchise,05-03-2015,RIALTO,California,Pacific,803.0,LOS ANGELES,Active,4.0,West,05-03-2015,Operational,LOS ANGELES,31-10-2018,31-10-2018,27-09-2020,Original,20-07-2022
808,TX808,Franchise,15-06-2015,PLEASANTON,Texas,Central,641.0,SAN ANTONIO,Active,1.0,Southwest,15-06-2015,Operational,SAN ANTONIO,16-10-2019,16-10-2019,27-09-2020,Original,20-07-2022
813,CO813,Franchise,24-11-2014,PUEBLO,Colorado,Mountain,752.0,COLORADO SPRINGS-PUEBLO,Active,4.0,West,24-11-2014,Operational,COLORADO SPRINGS-PUEBLO,28-02-2019,28-02-2019,27-09-2020,Original,20-07-2022
819,TX819,Franchise,24-08-2015,HOUSTON,Texas,Central,618.0,HOUSTON,Active,1.0,Southwest,24-08-2015,Operational,HOUSTON,28-11-2018,28-11-2018,27-09-2020,Original,06-07-2022
821,CA821,Franchise,04-02-2015,UKIAH,California,Pacific,807.0,SAN FRANCISCO-OAK-SAN JOSE,Active,4.0,West,04-02-2015,Operational,SAN FRANCISCO-OAK-SAN JOSE,13-03-2019,13-03-2019,27-09-2020,Original,04-02-2015
825,MD825,Franchise,06-05-2015,BOWIE,Maryland,Eastern,511.0,"WASHINGTON, DC (HAGRSTWN)",Active,2.0,Southeast,06-05-2015,Operational,"WASHINGTON, DC (HAGRSTWN)",08-05-2019,08-05-2019,27-09-2020,Original,20-07-2022
835,CA835,Franchise,26-12-2014,BEAUMONT,California,Pacific,803.0,LOS ANGELES,Active,4.0,West,26-12-2014,Operational,LOS ANGELES,23-05-2019,23-05-2019,27-09-2020,Original,26-12-2014
845,CA845,Franchise,10-02-2016,SAN LUIS OBISPO,California,Pacific,855.0,SANTABARBRA-SANMAR-SANLUOB,Active,4.0,West,10-02-2016,Temporary Closure,SANTABARBRA-SANMAR-SANLUOB,,,10-02-2016,,10-02-2016
846,CT846,Franchise,04-08-2015,STORRS,Connecticut,Eastern,533.0,HARTFORD & NEW HAVEN,Inactive,3.0,North,04-08-2015,Closed,HARTFORD & NEW HAVEN,,,04-08-2015,,04-08-2015
856,CA856,Franchise,02-08-2015,CYPRESS,California,Pacific,803.0,LOS ANGELES,Active,4.0,West,02-08-2015,Operational,LOS ANGELES,07-11-2018,07-11-2018,27-09-2020,Original,20-07-2022
862,AR862,Franchise,18-12-2014,JONESBORO,Arkansas,Central,734.0,JONESBORO,Active,2.0,Southeast,18-12-2014,Operational,JONESBORO,11-12-2019,11-12-2019,27-09-2020,Original,20-07-2022
864,IL864,Franchise,11-12-2014,BOLINGBROOK,Illinois,Central,602.0,CHICAGO,Active,3.0,North,11-12-2014,Operational,CHICAGO,02-11-2017,02-11-2017,27-09-2020,Original,20-07-2022
868,CT868,Franchise,15-04-2015,HARTFORD,Connecticut,Eastern,533.0,HARTFORD & NEW HAVEN,Active,3.0,North,15-04-2015,Operational,HARTFORD & NEW HAVEN,16-10-2019,16-10-2019,27-09-2020,Original,19-05-2021
877,TX877,Franchise,23-06-2015,HUMBLE,Texas,Central,618.0,HOUSTON,Active,1.0,Southwest,23-06-2015,Operational,HOUSTON,28-11-2018,28-11-2018,27-09-2020,Original,06-07-2022
878,TX878,Franchise,06-04-2015,CARROLLTON,Texas,Central,623.0,DALLAS-FT. WORTH,Active,1.0,Southwest,06-04-2015,Operational,DALLAS-FT. WORTH,17-04-2019,17-04-2019,27-09-2020,Original,20-07-2022
879,NJ879,Franchise,04-09-2015,NEWARK,New Jersey,Eastern,501.0,NEW YORK,Active,3.0,North,04-09-2015,Operational,NEW YORK,28-08-2019,10-11-2017,27-09-2020,Original,05-05-2021
883,FL883,Franchise,10-06-2015,HALLANDALE BEACH,Florida,Eastern,528.0,MIAMI-FT. LAUDERDALE,Active,2.0,Southeast,10-06-2015,Operational,MIAMI-FT. LAUDERDALE,20-03-2019,20-03-2019,27-09-2020,Original,20-07-2022
888,LA888,Franchise,12-04-2015,Baton Rouge,Louisiana,Central,716.0,BATON ROUGE,Active,2.0,Southeast,12-04-2015,Operational,BATON ROUGE,16-10-2019,16-10-2019,27-09-2020,Original,20-07-2022
942,NY942,Corporate,27-04-2022,New York,New York,Eastern,501.0,NEW YORK,Active,3.0,North,27-04-2022,Operational,NEW YORK,27-04-2022,27-04-2022,27-04-2022,Original,27-04-2022
947,TX947,Corporate,28-12-2020,Dallas,Texas,Central,623.0,DALLAS-FT. WORTH,Active,1.0,Southwest,28-12-2020,Operational,DALLAS-FT. WORTH,28-12-2020,28-12-2020,28-12-2020,Original,23-02-2021
959,TX959,Corporate,22-07-2011,IRVING,Texas,Central,623.0,DALLAS-FT. WORTH,Active,1.0,Southwest,01-05-2018,Operational,DALLAS-FT. WORTH,17-04-2019,17-04-2019,16-08-2020,Original,06-07-2022
968,TX968,Corporate,04-03-2005,FRISCO,Texas,Central,623.0,DALLAS-FT. WORTH,Active,1.0,Southwest,04-03-2005,Operational,DALLAS-FT. WORTH,17-04-2019,17-04-2019,16-08-2020,Original,06-07-2022
969,TX969,Corporate,06-02-2006,FRISCO,Texas,Central,623.0,DALLAS-FT. WORTH,Active,1.0,Southwest,06-02-2006,Operational,DALLAS-FT. WORTH,17-04-2019,17-04-2019,16-08-2020,Original,06-07-2022
977,NV977,Corporate,03-02-2005,LAS VEGAS,Nevada,Pacific,839.0,LAS VEGAS,Active,4.0,West,03-02-2005,Operational,LAS VEGAS,17-10-2017,17-10-2017,09-08-2020,Original,06-07-2022
979,NV979,Corporate,19-06-2006,NORTH LAS VEGAS,Nevada,Pacific,839.0,LAS VEGAS,Active,4.0,West,19-06-2006,Operational,LAS VEGAS,16-10-2017,16-10-2017,09-08-2020,Original,06-07-2022
997,TX997,Corporate,12-11-2003,DALLAS,Texas,Central,623.0,DALLAS-FT. WORTH,Active,1.0,Southwest,12-11-2003,Operational,DALLAS-FT. WORTH,17-04-2019,17-04-2019,16-08-2020,Original,06-07-2022
1003,IL1003,Franchise,18-03-2015,NILES,Illinois,Central,602.0,CHICAGO,Active,3.0,North,18-03-2015,Operational,CHICAGO,02-11-2017,02-11-2017,27-09-2020,Original,06-07-2022
1012,TX1012,Franchise,08-07-2015,CLEBURNE,Texas,Central,623.0,DALLAS-FT. WORTH,Active,1.0,Southwest,08-07-2015,Operational,DALLAS-FT. WORTH,17-04-2019,17-04-2019,27-09-2020,Original,20-07-2022
1019,MO1019,Franchise,26-03-2017,RICHMOND HEIGHTS,Missouri,Central,609.0,ST. LOUIS,Active,3.0,North,26-03-2017,Operational,ST. LOUIS,28-08-2019,28-08-2019,27-09-2020,Original,06-07-2022
1022,GA1022,Franchise,16-02-2016,MACON,Georgia,Eastern,503.0,MACON,Active,2.0,Southeast,16-02-2016,Operational,MACON,11-12-2019,11-12-2019,27-09-2020,Original,20-07-2022
1023,TX1023,Franchise,21-08-2015,RICHMOND,Texas,Central,618.0,HOUSTON,Active,1.0,Southwest,21-08-2015,Operational,HOUSTON,28-11-2018,28-11-2018,27-09-2020,Original,20-07-2022
1024,FL1024,Franchise,04-11-2015,DAYTONA BEACH,Florida,Eastern,534.0,ORLANDO-DAYTONA BCH-MELBRN,Active,2.0,Southeast,04-11-2015,Operational,ORLANDO-DAYTONA BCH-MELBRN,05-06-2019,05-06-2019,27-09-2020,Original,04-11-2015
1049,TN1049,Franchise,24-11-2015,CLARKSVILLE,Tennessee,Central,659.0,NASHVILLE,Active,2.0,Southeast,24-11-2015,Operational,NASHVILLE,13-11-2019,13-11-2019,27-09-2020,Original,20-07-2022
1051,CA1051,Franchise,01-05-2016,GARDEN GROVE,California,Pacific,803.0,LOS ANGELES,Active,4.0,West,01-05-2016,Operational,LOS ANGELES,07-11-2018,07-11-2018,27-09-2020,Original,20-07-2022
1053,OH1053,Franchise,16-08-2017,COLUMBUS,Ohio,Eastern,535.0,"COLUMBUS, OH",Active,3.0,North,16-08-2017,Operational,"COLUMBUS, OH",26-06-2019,26-06-2019,27-09-2020,Original,20-07-2022
1058,CA1058,Franchise,01-02-2016,REDWOOD CITY,California,Pacific,807.0,SAN FRANCISCO-OAK-SAN JOSE,Active,4.0,West,01-02-2016,Operational,SAN FRANCISCO-OAK-SAN JOSE,13-03-2019,13-03-2019,27-09-2020,Original,20-07-2022
1061,MO1061,Franchise,21-12-2015,KANSAS CITY,Missouri,Central,616.0,KANSAS CITY,Active,1.0,Southwest,21-12-2015,Operational,KANSAS CITY,06-03-2019,06-03-2019,27-09-2020,Original,20-07-2022
1062,VA1062,Franchise,14-10-2015,CHESAPEAKE,Virginia,Eastern,544.0,NORFOLK-PORTSMTH-NEWPT NWS,Active,2.0,Southeast,14-10-2015,Operational,NORFOLK-PORTSMTH-NEWPT NWS,13-11-2019,13-11-2019,27-09-2020,Original,20-07-2022
1064,GA1064,Franchise,15-06-2017,CENTERVILLE,Georgia,Eastern,503.0,MACON,Active,2.0,Southeast,15-06-2017,Operational,MACON,11-12-2019,11-12-2019,27-09-2020,Original,20-07-2022
1065,TX1065,Franchise,12-10-2015,Grapevine,Texas,Central,623.0,DALLAS-FT. WORTH,Active,1.0,Southwest,12-10-2015,Operational,DALLAS-FT. WORTH,18-09-2019,18-09-2019,27-09-2020,Original,06-07-2022
1066,TX1066,Franchise,21-10-2015,HARKER HEIGHTS,Texas,Central,625.0,WACO-TEMPLE-BRYAN,Active,1.0,Southwest,21-10-2015,Operational,WACO-TEMPLE-BRYAN,16-10-2019,16-10-2019,27-09-2020,Original,20-07-2022
1076,IL1076,Franchise,31-03-2016,MELROSE PARK,Illinois,Central,602.0,CHICAGO,Active,3.0,North,31-03-2016,Operational,CHICAGO,31-10-2017,31-10-2017,27-09-2020,Original,31-03-2016
1077,CA1077,Franchise,11-01-2017,BAKERSFIELD,California,Pacific,800.0,BAKERSFIELD,Active,4.0,West,11-01-2017,Operational,BAKERSFIELD,13-11-2019,13-11-2019,27-09-2020,Original,20-07-2022
1078,CA1078,Franchise,11-03-2016,PASADENA,California,Pacific,803.0,LOS ANGELES,Active,4.0,West,11-03-2016,Operational,LOS ANGELES,14-11-2018,14-11-2018,27-09-2020,Original,20-07-2022
1081,CA1081,Franchise,17-01-2016,POMONA,California,Pacific,803.0,LOS ANGELES,Active,4.0,West,17-01-2016,Operational,LOS ANGELES,14-11-2018,14-11-2018,27-09-2020,Original,20-07-2022
1111,AZ1111,Franchise,30-05-2016,BUCKEYE,Arizona,Mountain (DST not observed),753.0,PHOENIX (PRESCOTT),Active,1.0,Southwest,30-05-2016,Operational,PHOENIX (PRESCOTT),27-02-2019,27-02-2019,27-09-2020,Original,20-07-2022
1114,MD1114,Franchise,03-05-2016,HANOVER,Maryland,Eastern,511.0,"WASHINGTON, DC (HAGRSTWN)",Active,2.0,Southeast,03-05-2016,Operational,"WASHINGTON, DC (HAGRSTWN)",08-05-2019,08-05-2019,27-09-2020,Original,20-07-2022
1126,GA1126,Franchise,20-07-2016,GAINESVILLE,Georgia,Eastern,524.0,ATLANTA,Active,2.0,Southeast,20-07-2016,Operational,ATLANTA,05-06-2019,05-06-2019,27-09-2020,Original,06-07-2022
1129,VA1129,Franchise,27-10-2016,MANASSAS,Virginia,Eastern,511.0,"WASHINGTON, DC (HAGRSTWN)",Active,2.0,Southeast,27-10-2016,Operational,"WASHINGTON, DC (HAGRSTWN)",08-05-2019,08-05-2019,27-09-2020,Original,20-07-2022
1132,TX1132,Franchise,23-03-2016,DALLAS,Texas,Central,623.0,DALLAS-FT. WORTH,Active,1.0,Southwest,23-03-2016,Operational,DALLAS-FT. WORTH,17-04-2019,17-04-2019,27-09-2020,Original,06-07-2022
1142,TN1142,Franchise,27-07-2016,KINGSPORT,Tennessee,Eastern,531.0,"TRI-CITIES, TN-VA",Active,2.0,Southeast,27-07-2016,Operational,"TRI-CITIES, TN-VA",11-12-2019,11-12-2019,27-09-2020,Original,20-07-2022
1143,CA1143,Franchise,05-05-2016,VICTORVILLE,California,Pacific,803.0,LOS ANGELES,Active,4.0,West,05-05-2016,Operational,LOS ANGELES,14-11-2018,14-11-2018,27-09-2020,Original,05-05-2016
1151,TX1151,Franchise,15-06-2016,ABILENE,Texas,Central,662.0,ABILENE-SWEETWATER,Active,1.0,Southwest,15-06-2016,Operational,ABILENE-SWEETWATER,13-11-2019,13-11-2019,27-09-2020,Original,20-07-2022
1152,FL1152,Franchise,25-02-2017,FORT MYERS,Florida,Eastern,571.0,FT. MYERS-NAPLES,Active,2.0,Southeast,25-02-2017,Operational,FT. MYERS-NAPLES,18-09-2019,18-09-2019,27-09-2020,Original,20-07-2022
1162,NC1162,Franchise,25-07-2016,RALEIGH,North Carolina,Eastern,560.0,RALEIGH-DURHAM (FAYETVLLE),Active,2.0,Southeast,25-07-2016,Operational,RALEIGH-DURHAM (FAYETVLLE),28-08-2019,28-08-2019,27-09-2020,Original,25-07-2016
1169,CA1169,Franchise,07-07-2016,EL MONTE,California,Pacific,803.0,LOS ANGELES,Active,4.0,West,07-07-2016,Operational,LOS ANGELES,14-11-2018,14-11-2018,27-09-2020,Original,07-07-2016
1175,GA1175,Franchise,23-06-2016,DECATUR,Georgia,Eastern,524.0,ATLANTA,Active,2.0,Southeast,23-06-2016,Operational,ATLANTA,05-06-2019,05-06-2019,02-11-2020,Original,06-07-2022
1179,FL1179,Franchise,06-10-2017,TAMPA,Florida,Eastern,539.0,TAMPA-ST. PETE (SARASOTA),Active,2.0,Southeast,06-10-2017,Operational,TAMPA-ST. PETE (SARASOTA),16-10-2019,16-10-2019,27-09-2020,Original,20-07-2022
1180,GA1180,Franchise,14-12-2016,SMYRNA,Georgia,Eastern,524.0,ATLANTA,Active,2.0,Southeast,14-12-2016,Operational,ATLANTA,05-06-2019,05-06-2019,27-09-2020,Original,20-07-2022
1185,MA1185,Franchise,27-07-2016,MEDFORD,Massachusetts,Eastern,506.0,BOSTON (MANCHESTER),Active,3.0,North,27-07-2016,Operational,BOSTON (MANCHESTER),18-09-2019,18-09-2019,27-09-2020,Original,07-04-2021
1201,FL1201,Franchise,27-03-2017,FORT PIERCE,Florida,Eastern,548.0,WEST PALM BEACH-FT. PIERCE,Active,2.0,Southeast,27-03-2017,Operational,WEST PALM BEACH-FT. PIERCE,28-08-2019,28-08-2019,27-09-2020,Original,27-03-2017
1203,NV1203,Franchise,24-05-2017,LAS VEGAS,Nevada,Pacific,839.0,LAS VEGAS,Active,4.0,West,24-05-2017,Operational,LAS VEGAS,26-10-2017,26-10-2017,23-08-2020,Original,20-07-2022
1205,FL1205,Franchise,14-12-2016,SANFORD,Florida,Eastern,534.0,ORLANDO-DAYTONA BCH-MELBRN,Active,2.0,Southeast,14-12-2016,Operational,ORLANDO-DAYTONA BCH-MELBRN,05-06-2019,05-06-2019,27-09-2020,Original,14-12-2016
1206,CA1206,Franchise,10-02-2017,RIVERSIDE,California,Pacific,803.0,LOS ANGELES,Active,4.0,West,10-02-2017,Operational,LOS ANGELES,31-10-2018,31-10-2018,27-09-2020,Original,20-07-2022
1209,AL1209,Franchise,19-04-2017,MOBILE,Alabama,Central,686.0,MOBILE-PENSACOLA (FT WALT),Active,2.0,Southeast,19-04-2017,Operational,MOBILE-PENSACOLA (FT WALT),11-12-2019,11-12-2019,27-09-2020,Original,20-07-2022
1212,TX1212,Franchise,18-05-2017,KATY,Texas,Central,618.0,HOUSTON,Active,1.0,Southwest,18-05-2017,Operational,HOUSTON,28-11-2018,28-11-2018,27-09-2020,Original,20-07-2022
1218,TX1218,Franchise,21-11-2016,KYLE,Texas,Central,635.0,AUSTIN,Active,1.0,Southwest,21-11-2016,Operational,AUSTIN,23-05-2019,23-05-2019,27-09-2020,Original,20-07-2022
1225,AK1225,Franchise,05-03-2017,ANCHORAGE,Alaska,AKST|America/Anchorage|UTC-8,743.0,ANCHORAGE,Active,4.0,West,05-03-2017,Operational,ANCHORAGE,18-09-2019,18-09-2019,27-09-2020,Original,20-07-2022
1229,CA1229,Franchise,18-04-2017,FULLERTON,California,Pacific,803.0,LOS ANGELES,Active,4.0,West,18-04-2017,Operational,LOS ANGELES,07-11-2018,07-11-2018,27-09-2020,Original,20-07-2022
1232,CA1232,Franchise,28-12-2016,RANCHO CUCAMONGA,California,Pacific,803.0,LOS ANGELES,Active,4.0,West,28-12-2016,Operational,LOS ANGELES,14-11-2018,14-11-2018,27-09-2020,Original,20-07-2022
1233,MA1233,Franchise,16-11-2016,EAST BOSTON,Massachusetts,Eastern,506.0,BOSTON (MANCHESTER),Active,3.0,North,16-11-2016,Operational,BOSTON (MANCHESTER),18-09-2019,18-09-2019,27-09-2020,Original,26-05-2021
1235,TX1235,Franchise,08-02-2017,CROSS ROADS,Texas,Central,623.0,DALLAS-FT. WORTH,Active,1.0,Southwest,08-02-2017,Operational,DALLAS-FT. WORTH,17-04-2019,17-04-2019,27-09-2020,Original,20-07-2022
1236,TX1236,Franchise,14-12-2016,SAN ANGELO,Texas,Central,661.0,SAN ANGELO,Active,1.0,Southwest,14-12-2016,Operational,SAN ANGELO,13-11-2019,13-11-2019,27-09-2020,Original,20-07-2022
1244,MO1244,Franchise,13-02-2017,SPRINGFIELD,Missouri,Central,619.0,"SPRINGFIELD, MO",Active,3.0,North,13-02-2017,Operational,"SPRINGFIELD, MO",28-08-2019,28-08-2019,27-09-2020,Original,20-07-2022
1251,MA1251,Franchise,13-12-2016,RANDOLPH,Massachusetts,Eastern,506.0,BOSTON (MANCHESTER),Active,3.0,North,13-12-2016,Operational,BOSTON (MANCHESTER),18-09-2019,09-08-2018,27-09-2020,Original,05-05-2021
1252,FL1252,Franchise,16-01-2019,FORT LAUDERDALE,Florida,Eastern,528.0,MIAMI-FT. LAUDERDALE,Active,2.0,Southeast,16-01-2019,Operational,MIAMI-FT. LAUDERDALE,28-03-2019,28-03-2019,27-09-2020,Original,20-07-2022
1260,OK1260,Franchise,30-06-2017,BROKEN ARROW,Oklahoma,Central,671.0,TULSA,Active,1.0,Southwest,30-06-2017,Operational,TULSA,13-11-2019,13-11-2019,27-09-2020,Original,20-07-2022
1263,GA1263,Franchise,30-04-2018,DOUGLASVILLE,Georgia,Eastern,524.0,ATLANTA,Active,2.0,Southeast,30-04-2018,Operational,ATLANTA,05-06-2019,05-06-2019,27-09-2020,Original,20-07-2022
1278,IL1278,Franchise,20-03-2017,CHICAGO,Illinois,Central,602.0,CHICAGO,Active,3.0,North,20-03-2017,Operational,CHICAGO,28-01-2018,28-01-2018,27-09-2020,Original,19-05-2021
1294,TX1294,Franchise,18-12-2017,SAN ANTONIO,Texas,Central,641.0,SAN ANTONIO,Active,1.0,Southwest,18-12-2017,Operational,SAN ANTONIO,08-05-2019,08-05-2019,27-09-2020,Original,20-07-2022
1300,AZ1300,Franchise,10-05-2017,GLENDALE,Arizona,Mountain (DST not observed),753.0,PHOENIX (PRESCOTT),Active,1.0,Southwest,10-05-2017,Operational,PHOENIX (PRESCOTT),27-02-2019,27-02-2019,27-09-2020,Original,10-05-2017
1303,MA1303,Franchise,29-03-2017,WORCESTER,Massachusetts,Eastern,506.0,BOSTON (MANCHESTER),Active,3.0,North,29-03-2017,Operational,BOSTON (MANCHESTER),18-09-2019,21-11-2018,27-09-2020,Original,19-05-2021
1311,VA1311,Franchise,03-05-2017,RICHMOND,Virginia,Eastern,556.0,RICHMOND-PETERSBURG,Active,2.0,Southeast,03-05-2017,Operational,RICHMOND-PETERSBURG,08-05-2019,08-05-2019,27-09-2020,Original,20-07-2022
1315,CA1315,Franchise,03-07-2017,RIVERSIDE,California,Pacific,803.0,LOS ANGELES,Active,4.0,West,03-07-2017,Operational,LOS ANGELES,31-10-2018,31-10-2018,27-09-2020,Original,03-07-2017
1321,CA1321,Franchise,07-08-2017,WATSONVILLE,California,Pacific,828.0,MONTEREY-SALINAS,Active,4.0,West,07-08-2017,Operational,MONTEREY-SALINAS,11-12-2019,11-12-2019,27-09-2020,Original,07-08-2017
1323,FL1323,Franchise,21-11-2017,NAPLES,Florida,Eastern,571.0,FT. MYERS-NAPLES,Active,2.0,Southeast,21-11-2017,Operational,FT. MYERS-NAPLES,18-09-2019,18-09-2019,27-09-2020,Original,20-07-2022
1327,UT1327,Franchise,09-08-2017,RIVERDALE,Utah,Mountain,770.0,SALT LAKE CITY,Active,4.0,West,09-08-2017,Operational,SALT LAKE CITY,28-08-2019,28-08-2019,27-09-2020,Original,20-07-2022
1333,TX1333,Franchise,31-03-2018,EL PASO,Texas,Mountain,765.0,EL PASO (LAS CRUCES),Active,1.0,Southwest,31-03-2018,Operational,EL PASO (LAS CRUCES),13-11-2019,13-11-2019,27-09-2020,Original,20-07-2022
1334,NJ1334,Franchise,29-12-2017,BERGENFIELD,New Jersey,Eastern,501.0,NEW YORK,Active,3.0,North,29-12-2017,Operational,NEW YORK,28-08-2019,30-09-2018,27-09-2020,Original,05-05-2021
1337,UT1337,Franchise,13-09-2017,LAYTON,Utah,Mountain,770.0,SALT LAKE CITY,Active,4.0,West,13-09-2017,Operational,SALT LAKE CITY,28-08-2019,28-08-2019,27-09-2020,Original,20-07-2022
1343,GA1343,Franchise,29-09-2017,TUCKER,Georgia,Eastern,524.0,ATLANTA,Active,2.0,Southeast,29-09-2017,Operational,ATLANTA,05-06-2019,05-06-2019,27-09-2020,Original,06-07-2022
1346,CA1346,Franchise,20-11-2017,APPLE VALLEY,California,Pacific,803.0,LOS ANGELES,Active,4.0,West,20-11-2017,Operational,LOS ANGELES,14-11-2018,14-11-2018,27-09-2020,Original,20-11-2017
1353,IL1353,Franchise,29-09-2017,CHICAGO,Illinois,Central,602.0,CHICAGO,Active,3.0,North,29-09-2017,Operational,CHICAGO,02-11-2017,02-11-2017,27-09-2020,Original,28-04-2021
1357,CA1357,Franchise,04-12-2017,LANCASTER,California,Pacific,803.0,LOS ANGELES,Active,4.0,West,04-12-2017,Operational,LOS ANGELES,14-11-2018,14-11-2018,27-09-2020,Original,04-12-2017
1364,OH1364,Franchise,28-08-2017,BROOKLYN,Ohio,Eastern,510.0,CLEVELAND-AKRON (CANTON),Active,3.0,North,28-08-2017,Operational,CLEVELAND-AKRON (CANTON),26-06-2019,26-06-2019,27-09-2020,Original,20-07-2022
1365,IL1365,Franchise,19-09-2017,CHICAGO,Illinois,Central,602.0,CHICAGO,Active,3.0,North,19-09-2017,Operational,CHICAGO,02-11-2017,02-11-2017,27-09-2020,Original,28-04-2021
1373,FL1373,Franchise,12-07-2018,NORTH MIAMI,Florida,Eastern,528.0,MIAMI-FT. LAUDERDALE,Active,2.0,Southeast,12-07-2018,Operational,MIAMI-FT. LAUDERDALE,20-03-2019,20-03-2019,27-09-2020,Original,20-07-2022
1381,CA1381,Franchise,14-12-2017,SAN DIEGO,California,Pacific,825.0,SAN DIEGO,Active,4.0,West,14-12-2017,Operational,SAN DIEGO,20-03-2019,20-03-2019,27-09-2020,Original,20-07-2022
1382,SC1382,Franchise,05-12-2017,TAYLORS,South Carolina,Eastern,567.0,GREENVLL-SPART-ASHEVLL-AND,Active,2.0,Southeast,05-12-2017,Operational,GREENVLL-SPART-ASHEVLL-AND,18-09-2019,18-09-2019,27-09-2020,Original,20-07-2022
1389,IA1389,Franchise,21-03-2018,AMES,Iowa,Central,679.0,DES MOINES-AMES,Active,3.0,North,21-03-2018,Operational,DES MOINES-AMES,13-11-2019,13-11-2019,27-09-2020,Original,20-07-2022
1390,OH1390,Franchise,21-12-2017,MAUMEE,Ohio,Eastern,547.0,TOLEDO,Active,3.0,North,21-12-2017,Operational,TOLEDO,23-05-2019,23-05-2019,27-09-2020,Original,21-12-2017
1413,NC1413,Franchise,26-02-2018,WILMINGTON,North Carolina,Eastern,550.0,WILMINGTON,Active,2.0,Southeast,26-02-2018,Operational,WILMINGTON,28-08-2019,28-08-2019,27-09-2020,Original,26-02-2018
1415,CA1415,Franchise,07-10-2018,LOS ANGELES,California,Pacific,803.0,LOS ANGELES,Active,4.0,West,07-10-2018,Operational,LOS ANGELES,07-11-2018,07-11-2018,27-09-2020,Original,20-07-2022
1416,CA1416,Franchise,24-05-2018,RANCHO CUCAMONGA,California,Pacific,803.0,LOS ANGELES,Active,4.0,West,24-05-2018,Operational,LOS ANGELES,14-11-2018,14-11-2018,27-09-2020,Original,20-07-2022
1427,IN1427,Franchise,19-03-2018,EVANSVILLE,Indiana,Central,649.0,EVANSVILLE,Active,3.0,North,19-03-2018,Operational,EVANSVILLE,16-10-2019,16-10-2019,27-09-2020,Original,03-12-2021
1436,CA1436,Franchise,27-06-2018,OCEANSIDE,California,Pacific,825.0,SAN DIEGO,Active,4.0,West,27-06-2018,Operational,SAN DIEGO,20-03-2019,20-03-2019,27-09-2020,Original,20-07-2022
1437,MD1437,Franchise,26-06-2019,BALTIMORE,Maryland,Eastern,512.0,BALTIMORE,Active,2.0,Southeast,26-06-2019,Operational,Baltimore,28-08-2019,28-08-2019,27-09-2020,Original,20-07-2022
1443,AK1443,Franchise,09-05-2018,WASILLA,Alaska,AKST|America/Anchorage|UTC-8,743.0,ANCHORAGE,Active,4.0,West,09-05-2018,Operational,ANCHORAGE,18-09-2019,18-09-2019,27-09-2020,Original,20-07-2022
1444,IL1444,Franchise,12-09-2018,CHICAGO,Illinois,Central,602.0,CHICAGO,Active,3.0,North,12-09-2018,Operational,CHICAGO,19-09-2018,19-09-2018,27-09-2020,Original,12-05-2021
1450,NY1450,Franchise,28-12-2018,NORTH BABYLON,New York,Eastern,501.0,NEW YORK,Active,3.0,North,28-12-2018,Operational,NEW YORK,28-08-2019,05-04-2019,27-09-2020,Original,21-04-2021
1460,IN1460,Franchise,24-08-2018,HOBART,Indiana,Central,602.0,CHICAGO,Active,3.0,North,24-08-2018,Operational,CHICAGO,08-11-2018,07-11-2018,27-09-2020,Original,26-05-2021
1466,FL1466,Franchise,20-11-2018,GREENACRES,Florida,Eastern,548.0,WEST PALM BEACH-FT. PIERCE,Active,2.0,Southeast,20-11-2018,Operational,WEST PALM BEACH-FT. PIERCE,28-08-2019,28-08-2019,27-09-2020,Original,20-11-2018
1468,TX1468,Franchise,24-09-2018,GRAND PRAIRIE,Texas,Central,623.0,DALLAS-FT. WORTH,Active,1.0,Southwest,24-09-2018,Operational,DALLAS-FT. WORTH,17-04-2019,17-04-2019,27-09-2020,Original,20-07-2022
1476,FL1476,Franchise,27-10-2018,JACKSONVILLE,Florida,Eastern,561.0,JACKSONVILLE,Active,2.0,Southeast,27-10-2018,Operational,JACKSONVILLE,05-06-2019,05-06-2019,27-09-2020,Original,20-07-2022
1484,CA1484,Franchise,31-12-2018,LONG BEACH,California,Pacific,803.0,LOS ANGELES,Active,4.0,West,31-12-2018,Operational,LOS ANGELES,09-01-2019,09-01-2019,27-09-2020,Original,20-07-2022
1491,NY1491,Franchise,18-02-2021,BRONX,New York,Eastern,501.0,NEW YORK,Active,3.0,North,18-02-2021,Operational,NEW YORK,18-02-2021,18-02-2021,18-02-2021,Original,27-08-2021
1499,NC1499,Franchise,17-12-2018,CHARLOTTE,North Carolina,Eastern,517.0,CHARLOTTE,Active,2.0,Southeast,17-12-2018,Operational,CHARLOTTE,28-08-2019,28-08-2019,27-09-2020,Original,20-07-2022
1500,NY1500,Franchise,26-09-2018,UTICA,New York,Eastern,526.0,UTICA,Active,3.0,North,26-09-2018,Operational,Utica,07-08-2019,07-08-2019,27-09-2020,Original,21-04-2021
1507,FL1507,Franchise,07-03-2019,WINTER PARK,Florida,Eastern,534.0,ORLANDO-DAYTONA BCH-MELBRN,Active,2.0,Southeast,07-03-2019,Operational,ORLANDO-DAYTONA BCH-MELBRN,05-06-2019,05-06-2019,27-09-2020,Original,07-03-2019
1510,TX1510,Franchise,29-04-2019,HOUSTON,Texas,Central,618.0,HOUSTON,Active,1.0,Southwest,29-04-2019,Operational,HOUSTON,16-10-2019,16-10-2019,27-09-2020,Original,06-07-2022
1513,NH1513,Franchise,12-12-2018,MANCHESTER,New Hampshire,Eastern,506.0,BOSTON (MANCHESTER),Active,3.0,North,12-12-2018,Operational,BOSTON (MANCHESTER),18-09-2019,07-08-2019,27-09-2020,Original,20-07-2022
1520,TX1520,Franchise,06-12-2018,DONNA,Texas,Central,636.0,HARLINGEN-WSLCO-BRNSVL-MCA,Active,1.0,Southwest,06-12-2018,Operational,HARLINGEN-WSLCO-BRNSVL-MCA,16-10-2019,16-10-2019,27-09-2020,Original,20-07-2022
1525,NY1525,Franchise,10-01-2020,CENTEREACH,New York,Eastern,501.0,NEW YORK,Active,3.0,North,10-01-2020,Operational,NEW YORK,12-02-2020,12-02-2020,27-09-2020,Original,05-05-2021
1538,NC1538,Franchise,24-04-2019,WINSTON-SALEM,North Carolina,Eastern,518.0,GREENSBORO-H.POINT-W.SALEM,Active,2.0,Southeast,24-04-2019,Operational,GREENSBORO-H.POINT-W.SALEM,11-12-2019,11-12-2019,27-09-2020,Original,06-07-2022
1542,NC1542,Franchise,25-06-2020,GARNER,North Carolina,Eastern,560.0,RALEIGH-DURHAM (FAYETVLLE),Active,2.0,Southeast,25-06-2020,Operational,RALEIGH-DURHAM (FAYETVLLE),25-06-2020,12-08-2020,27-09-2020,Original,25-06-2020
1544,MI1544,Franchise,06-05-2019,TAYLOR,Michigan,Eastern,505.0,DETROIT,Active,3.0,North,06-05-2019,Operational,DETROIT,23-05-2019,23-05-2019,27-09-2020,Original,20-07-2022
1547,OR1547,Franchise,11-03-2020,BEAVERTON,Oregon,Pacific,820.0,"PORTLAND, OR",Active,4.0,West,11-03-2020,Operational,"PORTLAND, OR",24-03-2020,25-03-2020,27-09-2020,Original,20-07-2022
1548,FL1548,Franchise,05-06-2019,ST PETERSBURG,Florida,Eastern,539.0,TAMPA-ST. PETE (SARASOTA),Active,2.0,Southeast,05-06-2019,Operational,TAMPA-ST. PETE (SARASOTA),16-10-2019,16-10-2019,27-09-2020,Original,20-07-2022
1550,MI1550,Franchise,08-02-2019,ROYAL OAK,Michigan,Eastern,505.0,DETROIT,Active,3.0,North,08-02-2019,Operational,DETROIT,08-05-2019,08-05-2019,27-09-2020,Original,20-07-2022
1551,NY1551,Franchise,17-04-2019,FREEPORT,New York,Eastern,501.0,NEW YORK,Active,3.0,North,17-04-2019,Operational,NEW YORK,28-08-2019,28-08-2019,27-09-2020,Original,21-04-2021
1556,TX1556,Franchise,04-03-2019,CYPRESS,Texas,Central,618.0,HOUSTON,Active,1.0,Southwest,04-03-2019,Operational,HOUSTON,14-03-2019,20-03-2019,27-09-2020,Original,20-07-2022
1566,CA1566,Franchise,19-07-2019,SANTA ANA,California,Pacific,803.0,LOS ANGELES,Active,4.0,West,19-07-2019,Operational,LOS ANGELES,28-08-2019,29-08-2019,27-09-2020,Original,20-07-2022
1567,CA1567,Franchise,06-03-2019,REDLANDS,California,Pacific,803.0,LOS ANGELES,Active,4.0,West,06-03-2019,Operational,LOS ANGELES,14-03-2019,20-03-2019,27-09-2020,Original,06-03-2019
1571,NY1571,Franchise,28-09-2019,BRONX,New York,Eastern,501.0,NEW YORK,Active,3.0,North,28-09-2019,Operational,NEW YORK,13-11-2019,13-11-2019,27-09-2020,Original,12-05-2021
1576,CA1576,Franchise,22-06-2020,HEMET,California,Pacific,803.0,LOS ANGELES,Active,4.0,West,22-06-2020,Operational,LOS ANGELES,23-06-2020,23-06-2020,27-09-2020,Original,20-07-2022
1580,OH1580,Franchise,22-06-2019,MAYFIELD HEIGHTS,Ohio,Eastern,510.0,CLEVELAND-AKRON (CANTON),Active,3.0,North,22-06-2019,Operational,CLEVELAND-AKRON (CANTON),28-08-2019,28-08-2019,27-09-2020,Original,20-07-2022
1589,FL1589,Franchise,17-07-2019,BRANDON,Florida,Eastern,539.0,TAMPA-ST. PETE (SARASOTA),Active,2.0,Southeast,17-07-2019,Operational,TAMPA-ST. PETE (SARASOTA),16-10-2019,16-10-2019,27-09-2020,Original,20-07-2022
1592,NY1592,Franchise,05-08-2022,LINDENHURST,New York,Eastern,501.0,NEW YORK,Active,3.0,North,05-08-2022,Operational,NEW YORK,05-08-2022,05-08-2022,05-08-2022,Original,18-08-2022
1596,FL1596,Franchise,15-05-2019,CLEARWATER,Florida,Eastern,539.0,TAMPA-ST. PETE (SARASOTA),Active,2.0,Southeast,15-05-2019,Operational,TAMPA-ST. PETE (SARASOTA),16-10-2019,16-10-2019,27-09-2020,Original,20-07-2022
1598,NJ1598,Franchise,19-12-2019,NEWARK,New Jersey,Eastern,501.0,NEW YORK,Active,3.0,North,19-12-2019,Operational,NEW YORK,21-01-2020,22-01-2020,27-09-2020,Original,12-05-2021
1599,IA1599,Franchise,26-07-2019,BURLINGTON,Iowa,Central,682.0,DAVENPORT-R.ISLAND-MOLINE,Active,3.0,North,26-07-2019,Operational,DAVENPORT-R.ISLAND-MOLINE,16-10-2019,16-10-2019,27-09-2020,Original,26-07-2019
1617,NY1617,Franchise,01-09-2020,SHIRLEY,New York,Eastern,501.0,NEW YORK,Active,3.0,North,01-09-2020,Operational,NEW YORK,01-09-2020,01-09-2020,27-09-2020,Original,12-05-2021
1620,AZ1620,Franchise,28-12-2019,MESA,Arizona,Pacific,753.0,PHOENIX (PRESCOTT),Active,1.0,Southwest,28-12-2019,Operational,PHOENIX (PRESCOTT),22-01-2020,22-01-2020,27-09-2020,Original,20-07-2022
1626,PA1626,Franchise,15-09-2019,PHILADELPHIA,Pennsylvania,Eastern,504.0,PHILADELPHIA,Active,3.0,North,15-09-2019,Operational,PHILADELPHIA,16-10-2019,16-10-2019,27-09-2020,Original,12-05-2021
1630,FL1630,Franchise,26-06-2020,WEST PALM BEACH,Florida,Eastern,548.0,WEST PALM BEACH-FT. PIERCE,Active,2.0,Southeast,26-06-2020,Operational,WEST PALM BEACH-FT. PIERCE,26-06-2020,26-06-2020,27-09-2020,Original,20-07-2022
1637,CA1637,Franchise,23-09-2019,RIDGECREST,California,Pacific,803.0,LOS ANGELES,Active,4.0,West,23-09-2019,Operational,LOS ANGELES,13-11-2019,13-11-2019,27-09-2020,Original,20-07-2022
1641,PA1641,Franchise,12-09-2019,UPPER DARBY,Pennsylvania,Eastern,504.0,PHILADELPHIA,Active,3.0,North,12-09-2019,Operational,PHILADELPHIA,16-10-2019,16-10-2019,27-09-2020,Original,05-05-2021
1650,AZ1650,Franchise,10-02-2020,PHOENIX,Arizona,Pacific,753.0,PHOENIX (PRESCOTT),Active,1.0,Southwest,10-02-2020,Operational,PHOENIX (PRESCOTT),11-03-2020,11-03-2020,27-09-2020,Original,20-07-2022
1660,NY1660,Franchise,21-01-2020,JAMAICA,New York,Eastern,501.0,NEW YORK,Active,3.0,North,21-01-2020,Operational,NEW YORK,12-02-2020,12-02-2020,27-09-2020,Original,19-05-2021
1664,TX1664,Franchise,03-02-2020,AUSTIN,Texas,Central,635.0,AUSTIN,Active,1.0,Southwest,03-02-2020,Operational,AUSTIN,11-03-2020,11-03-2020,27-09-2020,Original,20-07-2022
1665,GA1665,Franchise,28-09-2019,CONYERS,Georgia,Eastern,524.0,ATLANTA,Active,2.0,Southeast,28-09-2019,Operational,ATLANTA,16-10-2019,16-10-2019,27-09-2020,Original,06-07-2022
1668,CA1668,Franchise,05-09-2019,LOMPOC,California,Pacific,855.0,SANTABARBRA-SANMAR-SANLUOB,Active,4.0,West,05-09-2019,Operational,SANTABARBRA-SANMAR-SANLUOB,16-10-2019,16-10-2019,27-09-2020,Original,20-07-2022
1688,TX1688,Franchise,07-03-2020,PEARLAND,Texas,Central,618.0,HOUSTON,Active,1.0,Southwest,07-03-2020,Operational,HOUSTON,28-03-2020,29-03-2020,27-09-2020,Original,06-07-2022
1700,CA1700,Franchise,24-04-2020,HUNTINGTON BEACH,California,Pacific,803.0,LOS ANGELES,Active,4.0,West,24-04-2020,Operational,LOS ANGELES,24-04-2020,24-04-2020,27-09-2020,Original,20-07-2022
1712,OH1712,Franchise,30-04-2020,Springdale,Ohio,Eastern,515.0,CINCINNATI,Active,3.0,North,30-04-2020,Operational,CINCINNATI,30-04-2020,30-04-2020,27-09-2020,Original,20-07-2022
1717,TX1717,Franchise,08-07-2020,COLLEGE STATION,Texas,Central,625.0,WACO-TEMPLE-BRYAN,Active,1.0,Southwest,08-07-2020,Operational,WACO-TEMPLE-BRYAN,15-07-2020,15-07-2020,27-09-2020,Original,20-07-2022
1729,TX1729,Franchise,22-05-2020,DALLAS,Texas,Central,623.0,DALLAS-FT. WORTH,Active,1.0,Southwest,22-05-2020,Operational,DALLAS-FT. WORTH,22-05-2020,22-05-2020,27-09-2020,Original,20-07-2022
1749,TX1749,Franchise,29-06-2020,Conroe,Texas,Central,618.0,HOUSTON,Active,1.0,Southwest,29-06-2020,Operational,HOUSTON,29-06-2020,29-06-2020,27-09-2020,Original,20-07-2022
1752,CA1752,Franchise,20-11-2020,Los Angeles,California,Pacific,803.0,LOS ANGELES,Active,4.0,West,20-11-2020,Operational,LOS ANGELES,20-11-2020,20-11-2020,20-11-2020,Original,20-07-2022
1762,TX1762,Franchise,11-11-2020,Andrews,Texas,Central,633.0,ODESSA-MIDLAND,Active,1.0,Southwest,11-11-2020,Operational,ODESSA-MIDLAND,11-11-2020,11-11-2020,11-11-2020,Original,11-11-2020
1780,GA1780,Franchise,15-10-2020,McDonough,Georgia,Eastern,524.0,ATLANTA,Active,2.0,Southeast,15-10-2020,Operational,ATLANTA,15-10-2020,16-10-2020,16-10-2020,Original,06-07-2022
1795,MO1795,Franchise,12-10-2020,RAYTOWN,Missouri,Central,616.0,KANSAS CITY,Active,1.0,Southwest,12-10-2020,Operational,KANSAS CITY,12-10-2020,13-10-2020,13-10-2020,Original,20-07-2022
1797,MO1797,Franchise,03-03-2021,Kansas City,Missouri,Central,616.0,KANSAS CITY,Active,1.0,Southwest,03-03-2021,Operational,KANSAS CITY,03-03-2021,03-03-2021,03-03-2021,Original,20-07-2022
1800,WA1800,Franchise,26-03-2021,Poulsbo,Washington,Pacific,819.0,SEATTLE-TACOMA,Active,4.0,West,26-03-2021,Operational,SEATTLE-TACOMA,25-03-2021,25-03-2021,25-03-2021,Original,20-07-2022
1805,FL1805,Franchise,23-11-2020,Jacksonville,Florida,Eastern,561.0,JACKSONVILLE,Active,2.0,Southeast,23-11-2020,Operational,JACKSONVILLE,23-11-2020,23-11-2020,23-11-2020,Original,20-07-2022
1806,CA1806,Franchise,19-04-2021,Thousand Oaks,California,Pacific,803.0,LOS ANGELES,Active,4.0,West,19-04-2021,Operational,LOS ANGELES,19-04-2021,19-04-2021,19-04-2021,Original,19-04-2021
1807,UT1807,Franchise,23-11-2020,Sandy,Utah,Mountain,770.0,SALT LAKE CITY,Active,4.0,West,23-11-2020,Operational,SALT LAKE CITY,23-11-2020,23-11-2020,23-11-2020,Original,20-07-2022
1865,NC1865,Franchise,31-03-2021,Charlotte,North Carolina,Eastern,517.0,CHARLOTTE,Active,2.0,Southeast,31-03-2021,Operational,CHARLOTTE,31-03-2021,,31-03-2021,Original,20-07-2022
1869,UT1869,Franchise,14-12-2020,Ogden,Utah,Mountain,770.0,SALT LAKE CITY,Active,4.0,West,14-12-2020,Operational,SALT LAKE CITY,14-12-2020,16-12-2020,16-12-2020,Original,20-07-2022
1870,CA1870,Franchise,08-06-2021,Mountain View,California,Pacific,807.0,SAN FRANCISCO-OAK-SAN JOSE,Active,4.0,West,08-06-2021,Operational,SAN FRANCISCO-OAK-SAN JOSE,09-06-2021,10-06-2021,08-06-2021,Original,20-07-2022
1871,MI1871,Franchise,30-03-2021,Ann Arbor,Michigan,Eastern,505.0,DETROIT,Active,3.0,North,30-03-2021,Operational,DETROIT,31-03-2021,,30-03-2021,Original,20-07-2022
1875,CA1875,Franchise,17-08-2021,Antioch,California,Pacific,807.0,SAN FRANCISCO-OAK-SAN JOSE,Active,4.0,West,17-08-2021,Operational,SAN FRANCISCO-OAK-SAN JOSE,17-08-2021,,17-08-2021,Original,20-07-2022
1878,IL1878,Franchise,25-08-2021,Romeoville,Illinois,Central,602.0,CHICAGO,Active,3.0,North,25-08-2021,Operational,CHICAGO,25-08-2021,25-08-2021,25-08-2021,Original,20-07-2022
1880,FL1880,Franchise,11-10-2021,Apopka,Florida,Eastern,534.0,ORLANDO-DAYTONA BCH-MELBRN,Active,2.0,Southeast,11-10-2021,Operational,ORLANDO-DAYTONA BCH-MELBRN,11-10-2021,12-10-2021,11-10-2021,Original,20-07-2022
1884,TX1884,Franchise,22-03-2021,Angleton,Texas,Central,618.0,HOUSTON,Active,1.0,Southwest,22-03-2021,Operational,HOUSTON,22-03-2021,22-03-2021,22-03-2021,Original,20-07-2022
1902,UT1902,Franchise,08-02-2021,MIDVALE,Utah,Mountain,770.0,SALT LAKE CITY,Active,4.0,West,08-02-2021,Operational,SALT LAKE CITY,08-02-2021,,08-02-2021,Original,20-07-2022
1909,FL1909,Franchise,14-06-2021,Kissimmee,Florida,Eastern,534.0,ORLANDO-DAYTONA BCH-MELBRN,Active,2.0,Southeast,14-06-2021,Operational,ORLANDO-DAYTONA BCH-MELBRN,14-06-2021,14-06-2021,14-06-2021,Original,20-07-2022
1912,IL1912,Franchise,10-08-2021,Kankakee,Illinois,Eastern,602.0,CHICAGO,Active,3.0,North,10-08-2021,Operational,CHICAGO,10-08-2021,,10-08-2021,Original,20-07-2022
1913,CA1913,Franchise,24-06-2021,Palmdale,California,Pacific,803.0,LOS ANGELES,Active,4.0,West,24-06-2021,Operational,LOS ANGELES,24-06-2021,24-06-2021,24-06-2021,Original,20-07-2022
1936,AL1936,Franchise,14-07-2021,Birmingham,Alabama,Central,630.0,BIRMINGHAM (ANN AND TUSC),Active,2.0,Southeast,14-07-2021,Operational,BIRMINGHAM (ANN AND TUSC),14-07-2021,14-07-2021,14-07-2021,Original,20-07-2022
1937,IL1937,Franchise,23-08-2021,Schiller Park,Illinois,Central,602.0,CHICAGO,Active,3.0,North,23-08-2021,Operational,CHICAGO,23-08-2021,25-08-2021,23-08-2021,Original,20-07-2022
1941,CA1941,Franchise,25-06-2021,Pacifica,California,Pacific,807.0,SAN FRANCISCO-OAK-SAN JOSE,Active,4.0,West,25-06-2021,Operational,SAN FRANCISCO-OAK-SAN JOSE,25-06-2021,25-06-2021,25-06-2021,Original,20-07-2022
1942,CA1942,Franchise,20-04-2021,Moreno Valley,California,Pacific,803.0,LOS ANGELES,Active,4.0,West,20-04-2021,Operational,LOS ANGELES,20-04-2021,21-04-2021,20-04-2021,Original,20-04-2021
1960,MI1960,Franchise,26-05-2021,Macomb,Michigan,Eastern,505.0,DETROIT,Active,3.0,North,26-05-2021,Operational,DETROIT,26-05-2021,26-05-2021,26-05-2021,Original,26-05-2021
1967,NJ1967,Franchise,22-12-2021,Linden,New Jersey,Eastern,501.0,NEW YORK,Active,3.0,North,22-12-2021,Operational,NEW YORK,22-12-2021,22-12-2021,22-12-2021,Original,22-12-2021
1974,LA1974,Franchise,17-01-2022,Alexandria,Louisiana,Central,644.0,"ALEXANDRIA, LA",Active,2.0,Southeast,17-01-2022,Operational,"ALEXANDRIA, LA",19-01-2022,17-01-2022,17-01-2022,Original,20-07-2022
1975,CA1975,Franchise,21-12-2021,Palmdale,California,Pacific,803.0,LOS ANGELES,Active,4.0,West,21-12-2021,Operational,LOS ANGELES,21-12-2021,21-12-2021,21-12-2021,Original,20-07-2022
1987,AZ1987,Franchise,04-10-2021,Scottsdale,Arizona,Pacific,753.0,PHOENIX (PRESCOTT),Active,1.0,Southwest,04-10-2021,Operational,PHOENIX (PRESCOTT),04-10-2021,,04-10-2021,Original,20-07-2022
1993,PA1993,Franchise,02-05-2022,Conshohocken,Pennsylvania,Eastern,504.0,PHILADELPHIA,Active,3.0,North,02-05-2022,Operational,PHILADELPHIA,02-05-2022,02-05-2022,02-05-2022,Original,06-07-2022
2005,IL2005,Franchise,13-09-2021,Oak Park,Illinois,Central,602.0,CHICAGO,Active,3.0,North,13-09-2021,Operational,CHICAGO,13-09-2021,,13-09-2021,Original,20-07-2022
2007,NJ2007,Franchise,14-02-2023,Morristown,New Jersey,Eastern,501.0,NEW YORK,Active,3.0,North,14-02-2023,Operational,NEW YORK,14-02-2023,14-02-2023,14-02-2023,Original,14-02-2023
2012,CA2012,Franchise,29-10-2021,Goleta,California,Pacific,855.0,SANTABARBRA-SANMAR-SANLUOB,Active,4.0,West,29-10-2021,Operational,SANTABARBRA-SANMAR-SANLUOB,29-10-2021,29-10-2021,29-10-2021,Original,20-07-2022
2014,NJ2014,Franchise,24-09-2021,Cliffwood,New Jersey,Eastern,501.0,NEW YORK,Active,3.0,North,24-09-2021,Operational,NEW YORK,24-09-2021,24-09-2021,24-09-2021,Original,20-07-2022
2022,UT2022,Franchise,25-10-2021,Salt Lake City,Utah,Mountain,770.0,SALT LAKE CITY,Active,4.0,West,25-10-2021,Operational,SALT LAKE CITY,25-10-2021,26-10-2021,25-10-2021,Original,20-07-2022
2029,CA2029,Franchise,28-12-2021,Palm Desert,California,Pacific,804.0,PALM SPRINGS,Active,4.0,West,28-12-2021,Operational,PALM SPRINGS,28-12-2021,07-01-2022,28-12-2021,Original,28-12-2021
2034,TX2034,Franchise,27-05-2022,Houston,Texas,Central,618.0,HOUSTON,Active,1.0,Southwest,27-05-2022,Operational,HOUSTON,01-06-2022,01-06-2022,27-05-2022,Original,20-07-2022
2035,OH2035,Franchise,19-01-2022,Elyria,Ohio,Central,510.0,CLEVELAND-AKRON (CANTON),Active,3.0,North,19-01-2022,Operational,CLEVELAND-AKRON (CANTON),19-01-2022,19-01-2022,19-01-2022,Original,20-07-2022
2037,GA2037,Franchise,07-12-2021,Buford,Georgia,Eastern,524.0,ATLANTA,Active,2.0,Southeast,07-12-2021,Operational,ATLANTA,07-12-2021,07-12-2021,07-12-2021,Original,20-07-2022
2041,CO2041,Franchise,14-01-2022,Commerce City,Colorado,Mountain,751.0,DENVER,Active,4.0,West,14-01-2022,Operational,DENVER,14-01-2022,14-01-2022,14-01-2022,Original,20-07-2022
2050,MI2050,Franchise,04-02-2022,Warren,Michigan,Eastern,505.0,DETROIT,Active,3.0,North,04-02-2022,Operational,DETROIT,04-02-2022,04-02-2022,04-02-2022,Original,20-07-2022
2059,TX2059,Franchise,15-11-2021,El Paso,Texas,Central,765.0,EL PASO (LAS CRUCES),Active,1.0,Southwest,15-11-2021,Operational,EL PASO (LAS CRUCES),15-11-2021,15-11-2021,15-11-2021,Original,15-11-2021
2065,NC2065,Franchise,22-02-2022,Durham,North Carolina,Eastern,560.0,RALEIGH-DURHAM (FAYETVLLE),Active,2.0,Southeast,22-02-2022,Operational,RALEIGH-DURHAM (FAYETVLLE),25-02-2022,23-02-2022,22-02-2022,Original,22-02-2022
2066,CA2066,Franchise,17-11-2022,Pleasanton,California,Pacific,807.0,SAN FRANCISCO-OAK-SAN JOSE,Active,4.0,West,17-11-2022,Operational,SAN FRANCISCO-OAK-SAN JOSE,17-11-2022,17-11-2022,17-11-2022,Original,17-11-2022
2067,CA2067,Franchise,17-06-2022,San Jose,California,Pacific,807.0,SAN FRANCISCO-OAK-SAN JOSE,Active,4.0,West,17-06-2022,Operational,SAN FRANCISCO-OAK-SAN JOSE,17-06-2022,17-06-2022,17-06-2022,Original,17-06-2022
2070,CO2070,Franchise,01-11-2021,Fountain,Colorado,Mountain,752.0,COLORADO SPRINGS-PUEBLO,Active,4.0,West,01-11-2021,Operational,COLORADO SPRINGS-PUEBLO,01-11-2021,01-11-2021,01-11-2021,Original,20-07-2022
2077,GA2077,Franchise,15-03-2022,Atlanta,Georgia,Eastern,524.0,ATLANTA,Active,2.0,Southeast,15-03-2022,Operational,ATLANTA,16-03-2022,15-03-2022,15-03-2022,Original,20-07-2022
2083,UT2083,Franchise,19-06-2023,Saratoga Springs,Utah,Mountain,770.0,SALT LAKE CITY,Active,4.0,West,19-06-2023,Operational,SALT LAKE CITY,19-06-2023,,19-06-2023,Original,19-06-2023
2087,TN2087,Franchise,07-03-2022,Hendersonville,Tennessee,Central,659.0,NASHVILLE,Active,2.0,Southeast,07-03-2022,Operational,NASHVILLE,07-03-2022,07-03-2022,07-03-2022,Original,20-07-2022
2128,TN2128,Franchise,25-03-2022,Chattanooga,Tennessee,Central,575.0,CHATTANOOGA,Active,2.0,Southeast,25-03-2022,Operational,CHATTANOOGA,26-03-2022,25-03-2022,26-03-2022,Original,20-07-2022
2132,TN2132,Franchise,31-12-2022,Nashville,Tennessee,Eastern,659.0,NASHVILLE,Active,2.0,Southeast,31-12-2022,Operational,NASHVILLE,31-12-2022,31-12-2022,31-12-2022,Original,31-12-2022
2137,IL2137,Franchise,21-04-2022,Montgomery,Illinois,Central,602.0,CHICAGO,Active,3.0,North,21-04-2022,Operational,CHICAGO,21-04-2022,21-04-2022,21-04-2022,Original,06-07-2022
2142,CA2142,Franchise,14-11-2022,Foster City,California,Pacific,807.0,SAN FRANCISCO-OAK-SAN JOSE,Active,4.0,West,14-11-2022,Operational,SAN FRANCISCO-OAK-SAN JOSE,14-11-2022,14-11-2022,14-11-2022,Original,14-11-2022
2144,CT2144,Franchise,17-04-2023,New Haven,Connecticut,Eastern,533.0,HARTFORD & NEW HAVEN,Active,3.0,North,17-04-2023,Operational,HARTFORD & NEW HAVEN,17-04-2023,17-04-2023,17-04-2023,Original,17-04-2023
2147,NJ2147,Franchise,18-11-2022,Clementon,New Jersey,Eastern,504.0,PHILADELPHIA,Active,3.0,North,18-11-2022,Operational,PHILADELPHIA,18-11-2022,18-11-2022,18-11-2022,Original,18-11-2022
2148,TX2148,Franchise,26-08-2022,Houston,Texas,Central,618.0,HOUSTON,Active,1.0,Southwest,26-08-2022,Operational,HOUSTON,29-08-2022,26-08-2022,26-08-2022,Original,26-08-2022
2150,CO2150,Franchise,26-08-2022,Denver,Colorado,Mountain,751.0,DENVER,Active,4.0,West,26-08-2022,Operational,DENVER,24-08-2022,24-08-2022,26-08-2022,Original,24-08-2022
2153,TN2153,Franchise,21-06-2022,Maryville,Tennessee,Central,557.0,KNOXVILLE,Active,2.0,Southeast,21-06-2022,Operational,KNOXVILLE,13-06-2022,13-06-2022,21-06-2022,Original,21-06-2022
2188,IL2188,Franchise,01-08-2022,Lockport,Illinois,Central,602.0,CHICAGO,Active,3.0,North,01-08-2022,Operational,CHICAGO,01-08-2022,01-08-2022,01-08-2022,Original,11-08-2022
2198,WI2198,Franchise,24-06-2022,Waukesha,Wisconsin,Eastern,617.0,MILWAUKEE,Active,3.0,North,24-06-2022,Operational,MILWAUKEE,24-06-2022,24-06-2022,24-06-2022,Original,24-06-2022
2203,MO2203,Franchise,26-10-2022,Kansas City,Missouri,Central,616.0,KANSAS CITY,Active,1.0,Southwest,26-10-2022,Operational,KANSAS CITY,26-10-2022,26-10-2022,26-10-2022,Original,26-10-2022
2208,IL2208,Franchise,05-07-2022,New Lenox,Illinois,Central,602.0,CHICAGO,Active,3.0,North,05-07-2022,Operational,CHICAGO,05-07-2022,05-07-2022,05-07-2022,Original,05-07-2022
2212,OK2212,Franchise,27-02-2023,Yukon,Oklahoma,Central,650.0,OKLAHOMA CITY,Active,1.0,Southwest,27-02-2023,Operational,OKLAHOMA CITY,20-02-2023,,27-02-2023,Original,27-02-2023
2214,OR2214,Franchise,30-03-2023,Tigard,Oregon,Pacific,820.0,"PORTLAND, OR",Active,4.0,West,30-03-2023,Operational,"PORTLAND, OR",22-03-2023,,30-03-2023,Original,30-03-2023
2216,IL2216,Franchise,24-08-2022,Plainfield,Illinois,Central,602.0,CHICAGO,Active,3.0,North,24-08-2022,Operational,CHICAGO,24-08-2022,24-08-2022,24-08-2022,Original,24-08-2022
2217,CA2217,Franchise,28-12-2022,San Jose,California,Pacific,807.0,SAN FRANCISCO-OAK-SAN JOSE,Active,4.0,West,28-12-2022,Operational,SAN FRANCISCO-OAK-SAN JOSE,28-12-2022,28-12-2022,28-12-2022,Original,28-12-2022
2220,TN2220,Franchise,26-07-2023,Oak Ridge,Tennessee,Central,557.0,KNOXVILLE,Active,2.0,Southeast,26-07-2023,Operational,KNOXVILLE,26-07-2023,,26-07-2023,Original,26-07-2023
2221,MO2221,Franchise,29-12-2022,Grandview,Missouri,Central,616.0,KANSAS CITY,Active,1.0,Southwest,29-12-2022,Operational,KANSAS CITY,26-12-2022,,29-12-2022,Original,29-12-2022
2222,VA2222,Franchise,13-02-2023,Virginia Beach,Virginia,Eastern,544.0,NORFOLK-PORTSMTH-NEWPT NWS,Active,2.0,Southeast,13-02-2023,Operational,NORFOLK-PORTSMTH-NEWPT NWS,27-12-2022,,13-02-2023,Original,13-02-2023
2223,MA2223,Franchise,20-03-2023,Revere,Massachusetts,Eastern,506.0,BOSTON (MANCHESTER),Active,3.0,North,20-03-2023,Operational,BOSTON (MANCHESTER),22-02-2023,,20-03-2023,Original,20-03-2023
2227,PA2227,Franchise,09-02-2023,Pittsburgh,Pennsylvania,Eastern,508.0,PITTSBURGH,Active,3.0,North,09-02-2023,Operational,PITTSBURGH,09-02-2023,09-02-2023,09-02-2023,Original,09-02-2023
2240,UT2240,Franchise,07-12-2022,Logan,Utah,Mountain,770.0,SALT LAKE CITY,Active,4.0,West,07-12-2022,Operational,SALT LAKE CITY,07-12-2022,07-12-2022,07-12-2022,Original,07-12-2022
2255,TX2255,Franchise,02-11-2022,Plano,Texas,Central,623.0,DALLAS-FT. WORTH,Active,1.0,Southwest,02-11-2022,Operational,DALLAS-FT. WORTH,03-11-2022,03-11-2022,02-11-2022,Original,02-11-2022
2262,CA2262,Franchise,16-03-2023,San Jose,California,Pacific,807.0,SAN FRANCISCO-OAK-SAN JOSE,Active,4.0,West,16-03-2023,Operational,SAN FRANCISCO-OAK-SAN JOSE,07-03-2023,,16-03-2023,Original,16-03-2023
2263,WA2263,Franchise,19-04-2023,Spokane,Washington,Pacific,881.0,SPOKANE,Active,4.0,West,19-04-2023,Operational,SPOKANE,05-04-2023,,19-04-2023,Original,19-04-2023
2281,CA2281,Franchise,30-06-2023,Santa Rosa,California,Pacific,807.0,SAN FRANCISCO-OAK-SAN JOSE,Active,4.0,West,30-06-2023,Operational,SAN FRANCISCO-OAK-SAN JOSE,28-06-2023,,30-06-2023,Original,30-06-2023
2285,NJ2285,Franchise,28-12-2022,Rochelle Park,New Jersey,Eastern,501.0,NEW YORK,Active,3.0,North,28-12-2022,Operational,NEW YORK,28-12-2022,28-12-2022,28-12-2022,Original,28-12-2022
2292,LA2292,Franchise,17-04-2023,Broussard,Louisiana,Central,642.0,"LAFAYETTE, LA",Active,2.0,Southeast,17-04-2023,Operational,"LAFAYETTE, LA",19-04-2023,,17-04-2023,Original,17-04-2023
2299,MI2299,Franchise,08-12-2022,Monroe,Michigan,Central,505.0,DETROIT,Active,3.0,North,08-12-2022,Operational,DETROIT,08-12-2022,08-12-2022,08-12-2022,Original,08-12-2022
2300,VA2300,Franchise,31-07-2023,Annandale,Virginia,Eastern,511.0,"WASHINGTON, DC (HAGRSTWN)",Active,2.0,Southeast,31-07-2023,Operational,"WASHINGTON, DC (HAGRSTWN)",31-07-2023,31-07-2023,31-07-2023,Original,31-07-2023
2301,CA2301,Franchise,21-04-2023,Los Angeles,California,Pacific,803.0,LOS ANGELES,Active,4.0,West,21-04-2023,Operational,LOS ANGELES,21-04-2023,,21-04-2023,Original,21-04-2023
2306,OH2306,Franchise,08-03-2023,Euclid,Ohio,Central,510.0,CLEVELAND-AKRON (CANTON),Active,3.0,North,08-03-2023,Operational,CLEVELAND-AKRON (CANTON),08-02-2023,,08-03-2023,Original,08-03-2023
2311,CA2311,Franchise,28-07-2023,Los Angeles,California,Pacific,803.0,LOS ANGELES,Active,4.0,West,28-07-2023,Operational,LOS ANGELES,28-07-2023,28-07-2023,28-07-2023,Original,28-07-2023
2334,SC2334,Franchise,15-02-2023,Columbia,South Carolina,Central,546.0,"COLUMBIA, SC",Active,2.0,Southeast,15-02-2023,Operational,"COLUMBIA, SC",15-02-2023,,15-02-2023,Original,15-02-2023
2336,LA2336,Franchise,06-10-2023,Chalmette,Louisiana,Central,622.0,NEW ORLEANS,Active,2.0,Southeast,06-10-2023,Operational,NEW ORLEANS,29-09-2023,,06-10-2023,Original,05-10-2023
2342,AZ2342,Franchise,11-05-2023,Surprise,Arizona,Pacific,753.0,PHOENIX (PRESCOTT),Active,1.0,Southwest,11-05-2023,Operational,PHOENIX (PRESCOTT),10-04-2023,,11-05-2023,Original,11-05-2023
2344,TX2344,Franchise,15-05-2023,Hutto,Texas,Central,635.0,AUSTIN,Active,1.0,Southwest,15-05-2023,Operational,AUSTIN,22-05-2023,,15-05-2023,Original,15-05-2023
2348,GA2348,Franchise,23-12-2023,Jonesboro,Georgia,Eastern,524.0,ATLANTA,Active,2.0,Southeast,23-12-2023,Operational,ATLANTA,08-12-2023,,23-12-2023,Original,23-12-2023
2358,MI2358,Franchise,14-06-2023,Wyoming,Michigan,Central,563.0,GRAND RAPIDS-KALMZOO-B.CRK,Active,3.0,North,14-06-2023,Operational,Grand Rapids-Kalmzoo-B.Crk,05-06-2023,,14-06-2023,Original,14-06-2023
2360,TX2360,Franchise,04-05-2023,San Antonio,Texas,Central,641.0,SAN ANTONIO,Active,1.0,Southwest,04-05-2023,Operational,SAN ANTONIO,24-04-2023,,04-05-2023,Original,04-05-2023
2364,CA2364,Franchise,10-04-2023,Los Angeles,California,Pacific,803.0,LOS ANGELES,Active,4.0,West,10-04-2023,Operational,LOS ANGELES,17-03-2023,,10-04-2023,Original,10-04-2023
2374,UT2374,Franchise,26-06-2023,Vineyard,Utah,Mountain,770.0,SALT LAKE CITY,Active,4.0,West,26-06-2023,Operational,SALT LAKE CITY,19-06-2023,,26-06-2023,Original,26-06-2023
2382,OH2382,Franchise,17-11-2023,Norton,Ohio,Central,510.0,CLEVELAND-AKRON (CANTON),Active,3.0,North,17-11-2023,Operational,CLEVELAND-AKRON (CANTON),20-11-2023,,17-11-2023,Original,17-11-2023
2389,TX2389,Franchise,14-08-2023,Richmond,Texas,Central,618.0,HOUSTON,Active,1.0,Southwest,14-08-2023,Operational,HOUSTON,15-08-2023,15-08-2023,14-08-2023,Original,15-08-2023
2396,MA2396,Franchise,18-12-2023,Saugus,Massachusetts,Eastern,506.0,BOSTON (MANCHESTER),Active,3.0,North,18-12-2023,Operational,BOSTON (MANCHESTER),24-11-2023,,18-12-2023,Original,18-12-2023
2405,TN2405,Franchise,12-09-2023,Murfreesboro,Tennessee,Central,659.0,NASHVILLE,Active,2.0,Southeast,12-09-2023,Operational,NASHVILLE,18-09-2023,18-09-2023,12-09-2023,Original,18-09-2023
2407,CA2407,Franchise,11-12-2023,Santa Maria,California,Pacific,828.0,MONTEREY-SALINAS,Active,4.0,West,11-12-2023,Operational,SANTABARBRA-SANMAR-SANLUOB,22-12-2023,,11-12-2023,Original,11-12-2023
2409,CA2409,Franchise,28-09-2023,Folsom,California,Pacific,862.0,SACRAMNTO-STKTON-MODESTO,Active,4.0,West,28-09-2023,Operational,SACRAMNTO-STKTON-MODESTO,28-09-2023,28-09-2023,28-09-2023,Original,28-09-2023
2414,MI2414,Franchise,19-09-2023,Grand Rapids,Michigan,Central,563.0,GRAND RAPIDS-KALMZOO-B.CRK,Active,3.0,North,19-09-2023,Operational,Grand Rapids-Kalmzoo-B.Crk,18-09-2023,,19-09-2023,Original,19-09-2023
2422,IN2422,Franchise,20-11-2023,Hammond,Indiana,Central,602.0,CHICAGO,Active,3.0,North,20-11-2023,Operational,CHICAGO,20-11-2023,,20-11-2023,Original,20-11-2023
2423,FL2423,Franchise,20-12-2023,Tampa,Florida,Eastern,539.0,TAMPA-ST. PETE (SARASOTA),Active,2.0,Southeast,20-12-2023,Operational,TAMPA-ST. PETE (SARASOTA),01-12-2023,,20-12-2023,Original,20-12-2023
2432,OR2432,Franchise,15-11-2023,Eugene,Oregon,Pacific,820.0,"PORTLAND, OR",Active,4.0,West,15-11-2023,Operational,EUGENE,09-11-2023,,15-11-2023,Original,15-11-2023
2435,NV2435,Franchise,22-12-2023,North Las Vegas,Nevada,Mountain,839.0,LAS VEGAS,Active,4.0,West,22-12-2023,Operational,LAS VEGAS,22-12-2023,,22-12-2023,Original,22-12-2023
2448,CA2448,Franchise,22-12-2023,Santa Clara,California,Pacific,807.0,SAN FRANCISCO-OAK-SAN JOSE,Active,4.0,West,22-12-2023,Operational,SAN FRANCISCO-OAK-SAN JOSE,28-12-2023,,22-12-2023,Original,22-12-2023
2449,VA2449,Franchise,24-11-2023,Virginia Beach,Virginia,Eastern,544.0,NORFOLK-PORTSMTH-NEWPT NWS,Active,2.0,Southeast,24-11-2023,Operational,NORFOLK-PORTSMTH-NEWPT NWS,24-11-2023,24-11-2023,24-11-2023,Original,24-11-2023
2463,KY2463,Franchise,29-12-2023,Louisville,Kentucky,Central,529.0,LOUISVILLE,Active,2.0,Southeast,29-12-2023,Operational,LOUISVILLE,26-12-2023,,29-12-2023,Original,29-12-2023
2470,NY2470,Franchise,28-11-2023,Rochester,New York,Eastern,538.0,"ROCHESTER, NY",Active,3.0,North,28-11-2023,Operational,"ROCHESTER, NY",01-12-2023,,28-11-2023,Original,28-11-2023
2490,LA2490,Franchise,08-11-2023,Carencro,Louisiana,Central,622.0,NEW ORLEANS,Active,2.0,Southeast,08-11-2023,Operational,"LAFAYETTE, LA",17-12-2023,,08-11-2023,Original,08-11-2023
2496,WI2496,Franchise,21-12-2023,Hales Corners,Wisconsin,Central,617.0,MILWAUKEE,Active,3.0,North,21-12-2023,Operational,MILWAUKEE,19-12-2023,,21-12-2023,Original,21-12-2023
2552,UT2552,Franchise,11-12-2023,Layton,Utah,Mountain,770.0,SALT LAKE CITY,Active,4.0,West,11-12-2023,Operational,SALT LAKE CITY,18-12-2023,,11-12-2023,Original,11-12-2023
2574,CA2574,Franchise,27-12-2023,Corona,California,Pacific,803.0,LOS ANGELES,Active,4.0,West,27-12-2023,Operational,LOS ANGELES,11-01-2024,,27-12-2023,Original,27-12-2023
2584,TN2584,Franchise,16-12-2023,Gallatin,Tennessee,Central,659.0,NASHVILLE,Active,2.0,Southeast,16-12-2023,Operational,NASHVILLE,20-12-2023,,16-12-2023,Original,16-12-2023
7001,PA7001,Franchise,21-10-2020,Philadelphia,Pennsylvania,Eastern,504.0,PHILADELPHIA,Active,3.0,North,21-10-2020,Operational,PHILADELPHIA,21-10-2020,21-10-2020,21-10-2020,Ghost Kitchen,31-03-2021
7005,OH7005,Franchise,12-10-2020,Columbus,Ohio,Eastern,535.0,"COLUMBUS, OH",Inactive,3.0,North,12-10-2020,Closed,"COLUMBUS, OH",,,12-10-2020,,12-10-2020
